segment_id,group_id,dataset_id,site,view,data_type,label,file_path,file_name,file_stem,start_sec,end_sec,ch_start,ch_end,original_fs,source_label_csv
0,utah_2019__FORGE_78-32_iDASv3-P11_UTC190427171923,utah_2019,utah_2019,utah_2019_1,event,1,/home/ted1204/MS_Detection_Datamaker/MS_datamaker_UTAH_2019/data/event/FORGE_78-32_iDASv3-P11_UTC190427171923.sgy,FORGE_78-32_iDASv3-P11_UTC190427171923.sgy,FORGE_78-32_iDASv3-P11_UTC190427171923,12.0,14.0,679,1084,1000.0,utah_lower_labels_2s.csv
1,utah_2019__FORGE_78-32_iDASv3-P11_UTC190427171923,utah_2019,utah_2019,utah_2019_1,event,1,/home/ted1204/MS_Detection_Datamaker/MS_datamaker_UTAH_2019/data/event/FORGE_78-32_iDASv3-P11_UTC190427171923.sgy,FORGE_78-32_iDASv3-P11_UTC190427171923.sgy,FORGE_78-32_iDASv3-P11_UTC190427171923,13.0,15.0,679,1084,1000.0,utah_lower_labels_2s.csv
2,utah_2019__FORGE_78-32_iDASv3-P11_UTC190427172008,utah_2019,utah_2019,utah_2019_1,event,1,/home/ted1204/MS_Detection_Datamaker/MS_datamaker_UTAH_2019/data/event/FORGE_78-32_iDASv3-P11_UTC190427172008.sgy,FORGE_78-32_iDASv3-P11_UTC190427172008.sgy,FORGE_78-32_iDASv3-P11_UTC190427172008,4.0,6.0,679,1084,1000.0,utah_lower_labels_2s.csv
3,utah_2019__FORGE_78-32_iDASv3-P11_UTC190427172008,utah_2019,utah_2019,utah_2019_1,event,1,/home/ted1204/MS_Detection_Datamaker/MS_datamaker_UTAH_2019/data/event/FORGE_78-32_iDASv3-P11_UTC190427172008.sgy,FORGE_78-32_iDASv3-P11_UTC190427172008.sgy,FORGE_78-32_iDASv3-P11_UTC190427172008,5.0,7.0,679,1084,1000.0,utah_lower_labels_2s.csv
4,utah_2019__FORGE_78-32_iDASv3-P11_UTC190427172008,utah_2019,utah_2019,utah_2019_1,event,1,/home/ted1204/MS_Detection_Datamaker/MS_datamaker_UTAH_2019/data/event/FORGE_78-32_iDASv3-P11_UTC190427172008.sgy,FORGE_78-32_iDASv3-P11_UTC190427172008.sgy,FORGE_78-32_iDASv3-P11_UTC190427172008,6.0,8.0,679,1084,1000.0,utah_lower_labels_2s.csv
5,utah_2019__FORGE_78-32_iDASv3-P11_UTC190427172438,utah_2019,utah_2019,utah_2019_1,event,1,/home/ted1204/MS_Detection_Datamaker/MS_datamaker_UTAH_2019/data/event/FORGE_78-32_iDASv3-P11_UTC190427172438.sgy,FORGE_78-32_iDASv3-P11_UTC190427172438.sgy,FORGE_78-32_iDASv3-P11_UTC190427172438,8.0,10.0,679,1084,1000.0,utah_lower_labels_2s.csv
6,utah_2019__FORGE_78-32_iDASv3-P11_UTC190427172438,utah_2019,utah_2019,utah_2019_1,event,1,/home/ted1204/MS_Detection_Datamaker/MS_datamaker_UTAH_2019/data/event/FORGE_78-32_iDASv3-P11_UTC190427172438.sgy,FORGE_78-32_iDASv3-P11_UTC190427172438.sgy,FORGE_78-32_iDASv3-P11_UTC190427172438,9.0,11.0,679,1084,1000.0,utah_lower_labels_2s.csv
7,utah_2019__FORGE_78-32_iDASv3-P11_UTC190427172438,utah_2019,utah_2019,utah_2019_1,event,1,/home/ted1204/MS_Detection_Datamaker/MS_datamaker_UTAH_2019/data/event/FORGE_78-32_iDASv3-P11_UTC190427172438.sgy,FORGE_78-32_iDASv3-P11_UTC190427172438.sgy,FORGE_78-32_iDASv3-P11_UTC190427172438,10.0,12.0,679,1084,1000.0,utah_lower_labels_2s.csv
8,utah_2019__FORGE_78-32_iDASv3-P11_UTC190427172738,utah_2019,utah_2019,utah_2019_1,event,1,/home/ted1204/MS_Detection_Datamaker/MS_datamaker_UTAH_2019/data/event/FORGE_78-32_iDASv3-P11_UTC190427172738.sgy,FORGE_78-32_iDASv3-P11_UTC190427172738.sgy,FORGE_78-32_iDASv3-P11_UTC190427172738,16.0,18.0,679,1084,1000.0,utah_lower_labels_2s.csv
9,utah_2019__FORGE_78-32_iDASv3-P11_UTC190427172738,utah_2019,utah_2019,utah_2019_1,event,1,/home/ted1204/MS_Detection_Datamaker/MS_datamaker_UTAH_2019/data/event/FORGE_78-32_iDASv3-P11_UTC190427172738.sgy,FORGE_78-32_iDASv3-P11_UTC190427172738.sgy,FORGE_78-32_iDASv3-P11_UTC190427172738,17.0,19.0,679,1084,1000.0,utah_lower_labels_2s.csv
10,utah_2019__FORGE_78-32_iDASv3-P11_UTC190427172838,utah_2019,utah_2019,utah_2019_1,event,1,/home/ted1204/MS_Detection_Datamaker/MS_datamaker_UTAH_2019/data/event/FORGE_78-32_iDASv3-P11_UTC190427172838.sgy,FORGE_78-32_iDASv3-P11_UTC190427172838.sgy,FORGE_78-32_iDASv3-P11_UTC190427172838,11.0,13.0,679,1084,1000.0,utah_lower_labels_2s.csv
11,utah_2019__FORGE_78-32_iDASv3-P11_UTC190427172838,utah_2019,utah_2019,utah_2019_1,event,1,/home/ted1204/MS_Detection_Datamaker/MS_datamaker_UTAH_2019/data/event/FORGE_78-32_iDASv3-P11_UTC190427172838.sgy,FORGE_78-32_iDASv3-P11_UTC190427172838.sgy,FORGE_78-32_iDASv3-P11_UTC190427172838,12.0,14.0,679,1084,1000.0,utah_lower_labels_2s.csv
12,utah_2019__FORGE_78-32_iDASv3-P11_UTC190427172838,utah_2019,utah_2019,utah_2019_1,event,1,/home/ted1204/MS_Detection_Datamaker/MS_datamaker_UTAH_2019/data/event/FORGE_78-32_iDASv3-P11_UTC190427172838.sgy,FORGE_78-32_iDASv3-P11_UTC190427172838.sgy,FORGE_78-32_iDASv3-P11_UTC190427172838,13.0,15.0,679,1084,1000.0,utah_lower_labels_2s.csv
13,utah_2019__FORGE_78-32_iDASv3-P11_UTC190427173023,utah_2019,utah_2019,utah_2019_1,event,1,/home/ted1204/MS_Detection_Datamaker/MS_datamaker_UTAH_2019/data/event/FORGE_78-32_iDASv3-P11_UTC190427173023.sgy,FORGE_78-32_iDASv3-P11_UTC190427173023.sgy,FORGE_78-32_iDASv3-P11_UTC190427173023,14.0,16.0,679,1084,1000.0,utah_lower_labels_2s.csv
14,utah_2019__FORGE_78-32_iDASv3-P11_UTC190427173023,utah_2019,utah_2019,utah_2019_1,event,1,/home/ted1204/MS_Detection_Datamaker/MS_datamaker_UTAH_2019/data/event/FORGE_78-32_iDASv3-P11_UTC190427173023.sgy,FORGE_78-32_iDASv3-P11_UTC190427173023.sgy,FORGE_78-32_iDASv3-P11_UTC190427173023,15.0,17.0,679,1084,1000.0,utah_lower_labels_2s.csv
15,utah_2019__FORGE_78-32_iDASv3-P11_UTC190427173023,utah_2019,utah_2019,utah_2019_1,event,1,/home/ted1204/MS_Detection_Datamaker/MS_datamaker_UTAH_2019/data/event/FORGE_78-32_iDASv3-P11_UTC190427173023.sgy,FORGE_78-32_iDASv3-P11_UTC190427173023.sgy,FORGE_78-32_iDASv3-P11_UTC190427173023,16.0,18.0,679,1084,1000.0,utah_lower_labels_2s.csv
16,utah_2019__FORGE_78-32_iDASv3-P11_UTC190427173323,utah_2019,utah_2019,utah_2019_1,event,1,/home/ted1204/MS_Detection_Datamaker/MS_datamaker_UTAH_2019/data/event/FORGE_78-32_iDASv3-P11_UTC190427173323.sgy,FORGE_78-32_iDASv3-P11_UTC190427173323.sgy,FORGE_78-32_iDASv3-P11_UTC190427173323,23.0,25.0,679,1084,1000.0,utah_lower_labels_2s.csv
17,utah_2019__FORGE_78-32_iDASv3-P11_UTC190427173323,utah_2019,utah_2019,utah_2019_1,event,1,/home/ted1204/MS_Detection_Datamaker/MS_datamaker_UTAH_2019/data/event/FORGE_78-32_iDASv3-P11_UTC190427173323.sgy,FORGE_78-32_iDASv3-P11_UTC190427173323.sgy,FORGE_78-32_iDASv3-P11_UTC190427173323,24.0,26.0,679,1084,1000.0,utah_lower_labels_2s.csv
18,utah_2019__FORGE_78-32_iDASv3-P11_UTC190427173323,utah_2019,utah_2019,utah_2019_1,event,1,/home/ted1204/MS_Detection_Datamaker/MS_datamaker_UTAH_2019/data/event/FORGE_78-32_iDASv3-P11_UTC190427173323.sgy,FORGE_78-32_iDASv3-P11_UTC190427173323.sgy,FORGE_78-32_iDASv3-P11_UTC190427173323,25.0,27.0,679,1084,1000.0,utah_lower_labels_2s.csv
19,utah_2019__FORGE_78-32_iDASv3-P11_UTC190427173438,utah_2019,utah_2019,utah_2019_1,event,1,/home/ted1204/MS_Detection_Datamaker/MS_datamaker_UTAH_2019/data/event/FORGE_78-32_iDASv3-P11_UTC190427173438.sgy,FORGE_78-32_iDASv3-P11_UTC190427173438.sgy,FORGE_78-32_iDASv3-P11_UTC190427173438,7.0,9.0,679,1084,1000.0,utah_lower_labels_2s.csv
20,utah_2019__FORGE_78-32_iDASv3-P11_UTC190427173438,utah_2019,utah_2019,utah_2019_1,event,1,/home/ted1204/MS_Detection_Datamaker/MS_datamaker_UTAH_2019/data/event/FORGE_78-32_iDASv3-P11_UTC190427173438.sgy,FORGE_78-32_iDASv3-P11_UTC190427173438.sgy,FORGE_78-32_iDASv3-P11_UTC190427173438,8.0,10.0,679,1084,1000.0,utah_lower_labels_2s.csv
21,utah_2019__FORGE_78-32_iDASv3-P11_UTC190427173653,utah_2019,utah_2019,utah_2019_1,event,1,/home/ted1204/MS_Detection_Datamaker/MS_datamaker_UTAH_2019/data/event/FORGE_78-32_iDASv3-P11_UTC190427173653.sgy,FORGE_78-32_iDASv3-P11_UTC190427173653.sgy,FORGE_78-32_iDASv3-P11_UTC190427173653,16.0,18.0,679,1084,1000.0,utah_lower_labels_2s.csv
22,utah_2019__FORGE_78-32_iDASv3-P11_UTC190427173653,utah_2019,utah_2019,utah_2019_1,event,1,/home/ted1204/MS_Detection_Datamaker/MS_datamaker_UTAH_2019/data/event/FORGE_78-32_iDASv3-P11_UTC190427173653.sgy,FORGE_78-32_iDASv3-P11_UTC190427173653.sgy,FORGE_78-32_iDASv3-P11_UTC190427173653,17.0,19.0,679,1084,1000.0,utah_lower_labels_2s.csv
23,utah_2019__FORGE_78-32_iDASv3-P11_UTC190427173653,utah_2019,utah_2019,utah_2019_1,event,1,/home/ted1204/MS_Detection_Datamaker/MS_datamaker_UTAH_2019/data/event/FORGE_78-32_iDASv3-P11_UTC190427173653.sgy,FORGE_78-32_iDASv3-P11_UTC190427173653.sgy,FORGE_78-32_iDASv3-P11_UTC190427173653,18.0,20.0,679,1084,1000.0,utah_lower_labels_2s.csv
24,utah_2019__FORGE_78-32_iDASv3-P11_UTC190427173708,utah_2019,utah_2019,utah_2019_1,event,1,/home/ted1204/MS_Detection_Datamaker/MS_datamaker_UTAH_2019/data/event/FORGE_78-32_iDASv3-P11_UTC190427173708.sgy,FORGE_78-32_iDASv3-P11_UTC190427173708.sgy,FORGE_78-32_iDASv3-P11_UTC190427173708,26.0,28.0,679,1084,1000.0,utah_lower_labels_2s.csv
25,utah_2019__FORGE_78-32_iDASv3-P11_UTC190427173708,utah_2019,utah_2019,utah_2019_1,event,1,/home/ted1204/MS_Detection_Datamaker/MS_datamaker_UTAH_2019/data/event/FORGE_78-32_iDASv3-P11_UTC190427173708.sgy,FORGE_78-32_iDASv3-P11_UTC190427173708.sgy,FORGE_78-32_iDASv3-P11_UTC190427173708,27.0,29.0,679,1084,1000.0,utah_lower_labels_2s.csv
26,utah_2019__FORGE_78-32_iDASv3-P11_UTC190427173738,utah_2019,utah_2019,utah_2019_1,event,1,/home/ted1204/MS_Detection_Datamaker/MS_datamaker_UTAH_2019/data/event/FORGE_78-32_iDASv3-P11_UTC190427173738.sgy,FORGE_78-32_iDASv3-P11_UTC190427173738.sgy,FORGE_78-32_iDASv3-P11_UTC190427173738,20.0,22.0,679,1084,1000.0,utah_lower_labels_2s.csv
27,utah_2019__FORGE_78-32_iDASv3-P11_UTC190427173738,utah_2019,utah_2019,utah_2019_1,event,1,/home/ted1204/MS_Detection_Datamaker/MS_datamaker_UTAH_2019/data/event/FORGE_78-32_iDASv3-P11_UTC190427173738.sgy,FORGE_78-32_iDASv3-P11_UTC190427173738.sgy,FORGE_78-32_iDASv3-P11_UTC190427173738,21.0,23.0,679,1084,1000.0,utah_lower_labels_2s.csv
28,utah_2019__FORGE_78-32_iDASv3-P11_UTC190427173853,utah_2019,utah_2019,utah_2019_1,event,1,/home/ted1204/MS_Detection_Datamaker/MS_datamaker_UTAH_2019/data/event/FORGE_78-32_iDASv3-P11_UTC190427173853.sgy,FORGE_78-32_iDASv3-P11_UTC190427173853.sgy,FORGE_78-32_iDASv3-P11_UTC190427173853,20.0,22.0,679,1084,1000.0,utah_lower_labels_2s.csv
29,utah_2019__FORGE_78-32_iDASv3-P11_UTC190427173853,utah_2019,utah_2019,utah_2019_1,event,1,/home/ted1204/MS_Detection_Datamaker/MS_datamaker_UTAH_2019/data/event/FORGE_78-32_iDASv3-P11_UTC190427173853.sgy,FORGE_78-32_iDASv3-P11_UTC190427173853.sgy,FORGE_78-32_iDASv3-P11_UTC190427173853,21.0,23.0,679,1084,1000.0,utah_lower_labels_2s.csv
30,utah_2019__FORGE_78-32_iDASv3-P11_UTC190427173908,utah_2019,utah_2019,utah_2019_1,event,1,/home/ted1204/MS_Detection_Datamaker/MS_datamaker_UTAH_2019/data/event/FORGE_78-32_iDASv3-P11_UTC190427173908.sgy,FORGE_78-32_iDASv3-P11_UTC190427173908.sgy,FORGE_78-32_iDASv3-P11_UTC190427173908,27.0,29.0,679,1084,1000.0,utah_lower_labels_2s.csv
31,utah_2019__FORGE_78-32_iDASv3-P11_UTC190427173908,utah_2019,utah_2019,utah_2019_1,event,1,/home/ted1204/MS_Detection_Datamaker/MS_datamaker_UTAH_2019/data/event/FORGE_78-32_iDASv3-P11_UTC190427173908.sgy,FORGE_78-32_iDASv3-P11_UTC190427173908.sgy,FORGE_78-32_iDASv3-P11_UTC190427173908,28.0,30.0,679,1084,1000.0,utah_lower_labels_2s.csv
32,utah_2019__FORGE_78-32_iDASv3-P11_UTC190427174023,utah_2019,utah_2019,utah_2019_1,event,1,/home/ted1204/MS_Detection_Datamaker/MS_datamaker_UTAH_2019/data/event/FORGE_78-32_iDASv3-P11_UTC190427174023.sgy,FORGE_78-32_iDASv3-P11_UTC190427174023.sgy,FORGE_78-32_iDASv3-P11_UTC190427174023,14.0,16.0,679,1084,1000.0,utah_lower_labels_2s.csv
33,utah_2019__FORGE_78-32_iDASv3-P11_UTC190427174023,utah_2019,utah_2019,utah_2019_1,event,1,/home/ted1204/MS_Detection_Datamaker/MS_datamaker_UTAH_2019/data/event/FORGE_78-32_iDASv3-P11_UTC190427174023.sgy,FORGE_78-32_iDASv3-P11_UTC190427174023.sgy,FORGE_78-32_iDASv3-P11_UTC190427174023,15.0,17.0,679,1084,1000.0,utah_lower_labels_2s.csv
34,utah_2019__FORGE_78-32_iDASv3-P11_UTC190427174308,utah_2019,utah_2019,utah_2019_1,event,1,/home/ted1204/MS_Detection_Datamaker/MS_datamaker_UTAH_2019/data/event/FORGE_78-32_iDASv3-P11_UTC190427174308.sgy,FORGE_78-32_iDASv3-P11_UTC190427174308.sgy,FORGE_78-32_iDASv3-P11_UTC190427174308,14.0,16.0,679,1084,1000.0,utah_lower_labels_2s.csv
35,utah_2019__FORGE_78-32_iDASv3-P11_UTC190427174308,utah_2019,utah_2019,utah_2019_1,event,1,/home/ted1204/MS_Detection_Datamaker/MS_datamaker_UTAH_2019/data/event/FORGE_78-32_iDASv3-P11_UTC190427174308.sgy,FORGE_78-32_iDASv3-P11_UTC190427174308.sgy,FORGE_78-32_iDASv3-P11_UTC190427174308,15.0,17.0,679,1084,1000.0,utah_lower_labels_2s.csv
36,utah_2019__FORGE_78-32_iDASv3-P11_UTC190427174308,utah_2019,utah_2019,utah_2019_1,event,1,/home/ted1204/MS_Detection_Datamaker/MS_datamaker_UTAH_2019/data/event/FORGE_78-32_iDASv3-P11_UTC190427174308.sgy,FORGE_78-32_iDASv3-P11_UTC190427174308.sgy,FORGE_78-32_iDASv3-P11_UTC190427174308,16.0,18.0,679,1084,1000.0,utah_lower_labels_2s.csv
37,utah_2019__FORGE_78-32_iDASv3-P11_UTC190427174308,utah_2019,utah_2019,utah_2019_1,event,1,/home/ted1204/MS_Detection_Datamaker/MS_datamaker_UTAH_2019/data/event/FORGE_78-32_iDASv3-P11_UTC190427174308.sgy,FORGE_78-32_iDASv3-P11_UTC190427174308.sgy,FORGE_78-32_iDASv3-P11_UTC190427174308,17.0,19.0,679,1084,1000.0,utah_lower_labels_2s.csv
38,utah_2019__FORGE_78-32_iDASv3-P11_UTC190427174308,utah_2019,utah_2019,utah_2019_1,event,1,/home/ted1204/MS_Detection_Datamaker/MS_datamaker_UTAH_2019/data/event/FORGE_78-32_iDASv3-P11_UTC190427174308.sgy,FORGE_78-32_iDASv3-P11_UTC190427174308.sgy,FORGE_78-32_iDASv3-P11_UTC190427174308,18.0,20.0,679,1084,1000.0,utah_lower_labels_2s.csv
39,utah_2019__FORGE_78-32_iDASv3-P11_UTC190427174308,utah_2019,utah_2019,utah_2019_1,event,1,/home/ted1204/MS_Detection_Datamaker/MS_datamaker_UTAH_2019/data/event/FORGE_78-32_iDASv3-P11_UTC190427174308.sgy,FORGE_78-32_iDASv3-P11_UTC190427174308.sgy,FORGE_78-32_iDASv3-P11_UTC190427174308,19.0,21.0,679,1084,1000.0,utah_lower_labels_2s.csv
40,utah_2019__FORGE_78-32_iDASv3-P11_UTC190427174508,utah_2019,utah_2019,utah_2019_1,event,1,/home/ted1204/MS_Detection_Datamaker/MS_datamaker_UTAH_2019/data/event/FORGE_78-32_iDASv3-P11_UTC190427174508.sgy,FORGE_78-32_iDASv3-P11_UTC190427174508.sgy,FORGE_78-32_iDASv3-P11_UTC190427174508,4.0,6.0,679,1084,1000.0,utah_lower_labels_2s.csv
41,utah_2019__FORGE_78-32_iDASv3-P11_UTC190427174508,utah_2019,utah_2019,utah_2019_1,event,1,/home/ted1204/MS_Detection_Datamaker/MS_datamaker_UTAH_2019/data/event/FORGE_78-32_iDASv3-P11_UTC190427174508.sgy,FORGE_78-32_iDASv3-P11_UTC190427174508.sgy,FORGE_78-32_iDASv3-P11_UTC190427174508,5.0,7.0,679,1084,1000.0,utah_lower_labels_2s.csv
42,utah_2019__FORGE_78-32_iDASv3-P11_UTC190427174538,utah_2019,utah_2019,utah_2019_1,event,1,/home/ted1204/MS_Detection_Datamaker/MS_datamaker_UTAH_2019/data/event/FORGE_78-32_iDASv3-P11_UTC190427174538.sgy,FORGE_78-32_iDASv3-P11_UTC190427174538.sgy,FORGE_78-32_iDASv3-P11_UTC190427174538,9.0,11.0,679,1084,1000.0,utah_lower_labels_2s.csv
43,utah_2019__FORGE_78-32_iDASv3-P11_UTC190427174538,utah_2019,utah_2019,utah_2019_1,event,1,/home/ted1204/MS_Detection_Datamaker/MS_datamaker_UTAH_2019/data/event/FORGE_78-32_iDASv3-P11_UTC190427174538.sgy,FORGE_78-32_iDASv3-P11_UTC190427174538.sgy,FORGE_78-32_iDASv3-P11_UTC190427174538,10.0,12.0,679,1084,1000.0,utah_lower_labels_2s.csv
44,utah_2019__FORGE_78-32_iDASv3-P11_UTC190427174538,utah_2019,utah_2019,utah_2019_1,event,1,/home/ted1204/MS_Detection_Datamaker/MS_datamaker_UTAH_2019/data/event/FORGE_78-32_iDASv3-P11_UTC190427174538.sgy,FORGE_78-32_iDASv3-P11_UTC190427174538.sgy,FORGE_78-32_iDASv3-P11_UTC190427174538,11.0,13.0,679,1084,1000.0,utah_lower_labels_2s.csv
45,utah_2019__FORGE_78-32_iDASv3-P11_UTC190427174753,utah_2019,utah_2019,utah_2019_1,event,1,/home/ted1204/MS_Detection_Datamaker/MS_datamaker_UTAH_2019/data/event/FORGE_78-32_iDASv3-P11_UTC190427174753.sgy,FORGE_78-32_iDASv3-P11_UTC190427174753.sgy,FORGE_78-32_iDASv3-P11_UTC190427174753,24.0,26.0,679,1084,1000.0,utah_lower_labels_2s.csv
46,utah_2019__FORGE_78-32_iDASv3-P11_UTC190427174753,utah_2019,utah_2019,utah_2019_1,event,1,/home/ted1204/MS_Detection_Datamaker/MS_datamaker_UTAH_2019/data/event/FORGE_78-32_iDASv3-P11_UTC190427174753.sgy,FORGE_78-32_iDASv3-P11_UTC190427174753.sgy,FORGE_78-32_iDASv3-P11_UTC190427174753,25.0,27.0,679,1084,1000.0,utah_lower_labels_2s.csv
47,utah_2019__FORGE_78-32_iDASv3-P11_UTC190427174923,utah_2019,utah_2019,utah_2019_1,event,1,/home/ted1204/MS_Detection_Datamaker/MS_datamaker_UTAH_2019/data/event/FORGE_78-32_iDASv3-P11_UTC190427174923.sgy,FORGE_78-32_iDASv3-P11_UTC190427174923.sgy,FORGE_78-32_iDASv3-P11_UTC190427174923,25.0,27.0,679,1084,1000.0,utah_lower_labels_2s.csv
48,utah_2019__FORGE_78-32_iDASv3-P11_UTC190427174923,utah_2019,utah_2019,utah_2019_1,event,1,/home/ted1204/MS_Detection_Datamaker/MS_datamaker_UTAH_2019/data/event/FORGE_78-32_iDASv3-P11_UTC190427174923.sgy,FORGE_78-32_iDASv3-P11_UTC190427174923.sgy,FORGE_78-32_iDASv3-P11_UTC190427174923,26.0,28.0,679,1084,1000.0,utah_lower_labels_2s.csv
49,utah_2019__FORGE_78-32_iDASv3-P11_UTC190427175023,utah_2019,utah_2019,utah_2019_1,event,1,/home/ted1204/MS_Detection_Datamaker/MS_datamaker_UTAH_2019/data/event/FORGE_78-32_iDASv3-P11_UTC190427175023.sgy,FORGE_78-32_iDASv3-P11_UTC190427175023.sgy,FORGE_78-32_iDASv3-P11_UTC190427175023,25.0,27.0,679,1084,1000.0,utah_lower_labels_2s.csv
50,utah_2019__FORGE_78-32_iDASv3-P11_UTC190427175023,utah_2019,utah_2019,utah_2019_1,event,1,/home/ted1204/MS_Detection_Datamaker/MS_datamaker_UTAH_2019/data/event/FORGE_78-32_iDASv3-P11_UTC190427175023.sgy,FORGE_78-32_iDASv3-P11_UTC190427175023.sgy,FORGE_78-32_iDASv3-P11_UTC190427175023,26.0,28.0,679,1084,1000.0,utah_lower_labels_2s.csv
51,utah_2019__FORGE_78-32_iDASv3-P11_UTC190427175108,utah_2019,utah_2019,utah_2019_1,event,1,/home/ted1204/MS_Detection_Datamaker/MS_datamaker_UTAH_2019/data/event/FORGE_78-32_iDASv3-P11_UTC190427175108.sgy,FORGE_78-32_iDASv3-P11_UTC190427175108.sgy,FORGE_78-32_iDASv3-P11_UTC190427175108,18.0,20.0,679,1084,1000.0,utah_lower_labels_2s.csv
52,utah_2019__FORGE_78-32_iDASv3-P11_UTC190427175108,utah_2019,utah_2019,utah_2019_1,event,1,/home/ted1204/MS_Detection_Datamaker/MS_datamaker_UTAH_2019/data/event/FORGE_78-32_iDASv3-P11_UTC190427175108.sgy,FORGE_78-32_iDASv3-P11_UTC190427175108.sgy,FORGE_78-32_iDASv3-P11_UTC190427175108,19.0,21.0,679,1084,1000.0,utah_lower_labels_2s.csv
53,utah_2019__FORGE_78-32_iDASv3-P11_UTC190427175108,utah_2019,utah_2019,utah_2019_1,event,1,/home/ted1204/MS_Detection_Datamaker/MS_datamaker_UTAH_2019/data/event/FORGE_78-32_iDASv3-P11_UTC190427175108.sgy,FORGE_78-32_iDASv3-P11_UTC190427175108.sgy,FORGE_78-32_iDASv3-P11_UTC190427175108,20.0,22.0,679,1084,1000.0,utah_lower_labels_2s.csv
54,utah_2019__FORGE_78-32_iDASv3-P11_UTC190427175123,utah_2019,utah_2019,utah_2019_1,event,1,/home/ted1204/MS_Detection_Datamaker/MS_datamaker_UTAH_2019/data/event/FORGE_78-32_iDASv3-P11_UTC190427175123.sgy,FORGE_78-32_iDASv3-P11_UTC190427175123.sgy,FORGE_78-32_iDASv3-P11_UTC190427175123,14.0,16.0,679,1084,1000.0,utah_lower_labels_2s.csv
55,utah_2019__FORGE_78-32_iDASv3-P11_UTC190427175123,utah_2019,utah_2019,utah_2019_1,event,1,/home/ted1204/MS_Detection_Datamaker/MS_datamaker_UTAH_2019/data/event/FORGE_78-32_iDASv3-P11_UTC190427175123.sgy,FORGE_78-32_iDASv3-P11_UTC190427175123.sgy,FORGE_78-32_iDASv3-P11_UTC190427175123,15.0,17.0,679,1084,1000.0,utah_lower_labels_2s.csv
56,utah_2019__FORGE_78-32_iDASv3-P11_UTC190427175123,utah_2019,utah_2019,utah_2019_1,event,1,/home/ted1204/MS_Detection_Datamaker/MS_datamaker_UTAH_2019/data/event/FORGE_78-32_iDASv3-P11_UTC190427175123.sgy,FORGE_78-32_iDASv3-P11_UTC190427175123.sgy,FORGE_78-32_iDASv3-P11_UTC190427175123,16.0,18.0,679,1084,1000.0,utah_lower_labels_2s.csv
57,utah_2019__FORGE_78-32_iDASv3-P11_UTC190427175823,utah_2019,utah_2019,utah_2019_1,event,1,/home/ted1204/MS_Detection_Datamaker/MS_datamaker_UTAH_2019/data/event/FORGE_78-32_iDASv3-P11_UTC190427175823.sgy,FORGE_78-32_iDASv3-P11_UTC190427175823.sgy,FORGE_78-32_iDASv3-P11_UTC190427175823,7.0,9.0,679,1084,1000.0,utah_lower_labels_2s.csv
58,utah_2019__FORGE_78-32_iDASv3-P11_UTC190427175823,utah_2019,utah_2019,utah_2019_1,event,1,/home/ted1204/MS_Detection_Datamaker/MS_datamaker_UTAH_2019/data/event/FORGE_78-32_iDASv3-P11_UTC190427175823.sgy,FORGE_78-32_iDASv3-P11_UTC190427175823.sgy,FORGE_78-32_iDASv3-P11_UTC190427175823,8.0,10.0,679,1084,1000.0,utah_lower_labels_2s.csv
59,utah_2019__FORGE_78-32_iDASv3-P11_UTC190427175823,utah_2019,utah_2019,utah_2019_1,event,1,/home/ted1204/MS_Detection_Datamaker/MS_datamaker_UTAH_2019/data/event/FORGE_78-32_iDASv3-P11_UTC190427175823.sgy,FORGE_78-32_iDASv3-P11_UTC190427175823.sgy,FORGE_78-32_iDASv3-P11_UTC190427175823,9.0,11.0,679,1084,1000.0,utah_lower_labels_2s.csv
60,utah_2019__FORGE_78-32_iDASv3-P11_UTC190427175953,utah_2019,utah_2019,utah_2019_1,event,1,/home/ted1204/MS_Detection_Datamaker/MS_datamaker_UTAH_2019/data/event/FORGE_78-32_iDASv3-P11_UTC190427175953.sgy,FORGE_78-32_iDASv3-P11_UTC190427175953.sgy,FORGE_78-32_iDASv3-P11_UTC190427175953,8.0,10.0,679,1084,1000.0,utah_lower_labels_2s.csv
61,utah_2019__FORGE_78-32_iDASv3-P11_UTC190427175953,utah_2019,utah_2019,utah_2019_1,event,1,/home/ted1204/MS_Detection_Datamaker/MS_datamaker_UTAH_2019/data/event/FORGE_78-32_iDASv3-P11_UTC190427175953.sgy,FORGE_78-32_iDASv3-P11_UTC190427175953.sgy,FORGE_78-32_iDASv3-P11_UTC190427175953,9.0,11.0,679,1084,1000.0,utah_lower_labels_2s.csv
62,utah_2019__FORGE_78-32_iDASv3-P11_UTC190427175953,utah_2019,utah_2019,utah_2019_1,event,1,/home/ted1204/MS_Detection_Datamaker/MS_datamaker_UTAH_2019/data/event/FORGE_78-32_iDASv3-P11_UTC190427175953.sgy,FORGE_78-32_iDASv3-P11_UTC190427175953.sgy,FORGE_78-32_iDASv3-P11_UTC190427175953,15.0,17.0,679,1084,1000.0,utah_lower_labels_2s.csv
63,utah_2019__FORGE_78-32_iDASv3-P11_UTC190427175953,utah_2019,utah_2019,utah_2019_1,event,1,/home/ted1204/MS_Detection_Datamaker/MS_datamaker_UTAH_2019/data/event/FORGE_78-32_iDASv3-P11_UTC190427175953.sgy,FORGE_78-32_iDASv3-P11_UTC190427175953.sgy,FORGE_78-32_iDASv3-P11_UTC190427175953,16.0,18.0,679,1084,1000.0,utah_lower_labels_2s.csv
64,utah_2019__FORGE_78-32_iDASv3-P11_UTC190427180023,utah_2019,utah_2019,utah_2019_1,event,1,/home/ted1204/MS_Detection_Datamaker/MS_datamaker_UTAH_2019/data/event/FORGE_78-32_iDASv3-P11_UTC190427180023.sgy,FORGE_78-32_iDASv3-P11_UTC190427180023.sgy,FORGE_78-32_iDASv3-P11_UTC190427180023,9.0,11.0,679,1084,1000.0,utah_lower_labels_2s.csv
65,utah_2019__FORGE_78-32_iDASv3-P11_UTC190427180023,utah_2019,utah_2019,utah_2019_1,event,1,/home/ted1204/MS_Detection_Datamaker/MS_datamaker_UTAH_2019/data/event/FORGE_78-32_iDASv3-P11_UTC190427180023.sgy,FORGE_78-32_iDASv3-P11_UTC190427180023.sgy,FORGE_78-32_iDASv3-P11_UTC190427180023,10.0,12.0,679,1084,1000.0,utah_lower_labels_2s.csv
66,utah_2019__FORGE_78-32_iDASv3-P11_UTC190427180423,utah_2019,utah_2019,utah_2019_1,event,1,/home/ted1204/MS_Detection_Datamaker/MS_datamaker_UTAH_2019/data/event/FORGE_78-32_iDASv3-P11_UTC190427180423.sgy,FORGE_78-32_iDASv3-P11_UTC190427180423.sgy,FORGE_78-32_iDASv3-P11_UTC190427180423,26.0,28.0,679,1084,1000.0,utah_lower_labels_2s.csv
67,utah_2019__FORGE_78-32_iDASv3-P11_UTC190427180423,utah_2019,utah_2019,utah_2019_1,event,1,/home/ted1204/MS_Detection_Datamaker/MS_datamaker_UTAH_2019/data/event/FORGE_78-32_iDASv3-P11_UTC190427180423.sgy,FORGE_78-32_iDASv3-P11_UTC190427180423.sgy,FORGE_78-32_iDASv3-P11_UTC190427180423,27.0,29.0,679,1084,1000.0,utah_lower_labels_2s.csv
68,utah_2019__FORGE_78-32_iDASv3-P11_UTC190427180453,utah_2019,utah_2019,utah_2019_1,event,1,/home/ted1204/MS_Detection_Datamaker/MS_datamaker_UTAH_2019/data/event/FORGE_78-32_iDASv3-P11_UTC190427180453.sgy,FORGE_78-32_iDASv3-P11_UTC190427180453.sgy,FORGE_78-32_iDASv3-P11_UTC190427180453,16.0,18.0,679,1084,1000.0,utah_lower_labels_2s.csv
69,utah_2019__FORGE_78-32_iDASv3-P11_UTC190427180453,utah_2019,utah_2019,utah_2019_1,event,1,/home/ted1204/MS_Detection_Datamaker/MS_datamaker_UTAH_2019/data/event/FORGE_78-32_iDASv3-P11_UTC190427180453.sgy,FORGE_78-32_iDASv3-P11_UTC190427180453.sgy,FORGE_78-32_iDASv3-P11_UTC190427180453,17.0,19.0,679,1084,1000.0,utah_lower_labels_2s.csv
70,utah_2019__FORGE_78-32_iDASv3-P11_UTC190427180453,utah_2019,utah_2019,utah_2019_1,event,1,/home/ted1204/MS_Detection_Datamaker/MS_datamaker_UTAH_2019/data/event/FORGE_78-32_iDASv3-P11_UTC190427180453.sgy,FORGE_78-32_iDASv3-P11_UTC190427180453.sgy,FORGE_78-32_iDASv3-P11_UTC190427180453,18.0,20.0,679,1084,1000.0,utah_lower_labels_2s.csv
71,utah_2019__FORGE_78-32_iDASv3-P11_UTC190427180453,utah_2019,utah_2019,utah_2019_1,event,1,/home/ted1204/MS_Detection_Datamaker/MS_datamaker_UTAH_2019/data/event/FORGE_78-32_iDASv3-P11_UTC190427180453.sgy,FORGE_78-32_iDASv3-P11_UTC190427180453.sgy,FORGE_78-32_iDASv3-P11_UTC190427180453,19.0,21.0,679,1084,1000.0,utah_lower_labels_2s.csv
72,utah_2019__FORGE_78-32_iDASv3-P11_UTC190427180453,utah_2019,utah_2019,utah_2019_1,event,1,/home/ted1204/MS_Detection_Datamaker/MS_datamaker_UTAH_2019/data/event/FORGE_78-32_iDASv3-P11_UTC190427180453.sgy,FORGE_78-32_iDASv3-P11_UTC190427180453.sgy,FORGE_78-32_iDASv3-P11_UTC190427180453,20.0,22.0,679,1084,1000.0,utah_lower_labels_2s.csv
73,utah_2019__FORGE_78-32_iDASv3-P11_UTC190427180453,utah_2019,utah_2019,utah_2019_1,event,1,/home/ted1204/MS_Detection_Datamaker/MS_datamaker_UTAH_2019/data/event/FORGE_78-32_iDASv3-P11_UTC190427180453.sgy,FORGE_78-32_iDASv3-P11_UTC190427180453.sgy,FORGE_78-32_iDASv3-P11_UTC190427180453,21.0,23.0,679,1084,1000.0,utah_lower_labels_2s.csv
74,utah_2019__FORGE_78-32_iDASv3-P11_UTC190427180453,utah_2019,utah_2019,utah_2019_1,event,1,/home/ted1204/MS_Detection_Datamaker/MS_datamaker_UTAH_2019/data/event/FORGE_78-32_iDASv3-P11_UTC190427180453.sgy,FORGE_78-32_iDASv3-P11_UTC190427180453.sgy,FORGE_78-32_iDASv3-P11_UTC190427180453,22.0,24.0,679,1084,1000.0,utah_lower_labels_2s.csv
75,utah_2019__FORGE_78-32_iDASv3-P11_UTC190427180453,utah_2019,utah_2019,utah_2019_1,event,1,/home/ted1204/MS_Detection_Datamaker/MS_datamaker_UTAH_2019/data/event/FORGE_78-32_iDASv3-P11_UTC190427180453.sgy,FORGE_78-32_iDASv3-P11_UTC190427180453.sgy,FORGE_78-32_iDASv3-P11_UTC190427180453,23.0,25.0,679,1084,1000.0,utah_lower_labels_2s.csv
76,utah_2019__FORGE_78-32_iDASv3-P11_UTC190427180538,utah_2019,utah_2019,utah_2019_1,event,1,/home/ted1204/MS_Detection_Datamaker/MS_datamaker_UTAH_2019/data/event/FORGE_78-32_iDASv3-P11_UTC190427180538.sgy,FORGE_78-32_iDASv3-P11_UTC190427180538.sgy,FORGE_78-32_iDASv3-P11_UTC190427180538,20.0,22.0,679,1084,1000.0,utah_lower_labels_2s.csv
77,utah_2019__FORGE_78-32_iDASv3-P11_UTC190427180538,utah_2019,utah_2019,utah_2019_1,event,1,/home/ted1204/MS_Detection_Datamaker/MS_datamaker_UTAH_2019/data/event/FORGE_78-32_iDASv3-P11_UTC190427180538.sgy,FORGE_78-32_iDASv3-P11_UTC190427180538.sgy,FORGE_78-32_iDASv3-P11_UTC190427180538,21.0,23.0,679,1084,1000.0,utah_lower_labels_2s.csv
78,utah_2019__FORGE_78-32_iDASv3-P11_UTC190427180538,utah_2019,utah_2019,utah_2019_1,event,1,/home/ted1204/MS_Detection_Datamaker/MS_datamaker_UTAH_2019/data/event/FORGE_78-32_iDASv3-P11_UTC190427180538.sgy,FORGE_78-32_iDASv3-P11_UTC190427180538.sgy,FORGE_78-32_iDASv3-P11_UTC190427180538,22.0,24.0,679,1084,1000.0,utah_lower_labels_2s.csv
79,utah_2019__FORGE_78-32_iDASv3-P11_UTC190427180553,utah_2019,utah_2019,utah_2019_1,event,1,/home/ted1204/MS_Detection_Datamaker/MS_datamaker_UTAH_2019/data/event/FORGE_78-32_iDASv3-P11_UTC190427180553.sgy,FORGE_78-32_iDASv3-P11_UTC190427180553.sgy,FORGE_78-32_iDASv3-P11_UTC190427180553,22.0,24.0,679,1084,1000.0,utah_lower_labels_2s.csv
80,utah_2019__FORGE_78-32_iDASv3-P11_UTC190427180553,utah_2019,utah_2019,utah_2019_1,event,1,/home/ted1204/MS_Detection_Datamaker/MS_datamaker_UTAH_2019/data/event/FORGE_78-32_iDASv3-P11_UTC190427180553.sgy,FORGE_78-32_iDASv3-P11_UTC190427180553.sgy,FORGE_78-32_iDASv3-P11_UTC190427180553,23.0,25.0,679,1084,1000.0,utah_lower_labels_2s.csv
81,utah_2019__FORGE_78-32_iDASv3-P11_UTC190427180553,utah_2019,utah_2019,utah_2019_1,event,1,/home/ted1204/MS_Detection_Datamaker/MS_datamaker_UTAH_2019/data/event/FORGE_78-32_iDASv3-P11_UTC190427180553.sgy,FORGE_78-32_iDASv3-P11_UTC190427180553.sgy,FORGE_78-32_iDASv3-P11_UTC190427180553,24.0,26.0,679,1084,1000.0,utah_lower_labels_2s.csv
82,utah_2019__FORGE_78-32_iDASv3-P11_UTC190427180553,utah_2019,utah_2019,utah_2019_1,event,1,/home/ted1204/MS_Detection_Datamaker/MS_datamaker_UTAH_2019/data/event/FORGE_78-32_iDASv3-P11_UTC190427180553.sgy,FORGE_78-32_iDASv3-P11_UTC190427180553.sgy,FORGE_78-32_iDASv3-P11_UTC190427180553,25.0,27.0,679,1084,1000.0,utah_lower_labels_2s.csv
83,utah_2019__FORGE_78-32_iDASv3-P11_UTC190427180553,utah_2019,utah_2019,utah_2019_1,event,1,/home/ted1204/MS_Detection_Datamaker/MS_datamaker_UTAH_2019/data/event/FORGE_78-32_iDASv3-P11_UTC190427180553.sgy,FORGE_78-32_iDASv3-P11_UTC190427180553.sgy,FORGE_78-32_iDASv3-P11_UTC190427180553,26.0,28.0,679,1084,1000.0,utah_lower_labels_2s.csv
84,utah_2019__FORGE_78-32_iDASv3-P11_UTC190427180553,utah_2019,utah_2019,utah_2019_1,event,1,/home/ted1204/MS_Detection_Datamaker/MS_datamaker_UTAH_2019/data/event/FORGE_78-32_iDASv3-P11_UTC190427180553.sgy,FORGE_78-32_iDASv3-P11_UTC190427180553.sgy,FORGE_78-32_iDASv3-P11_UTC190427180553,27.0,29.0,679,1084,1000.0,utah_lower_labels_2s.csv
85,utah_2019__FORGE_78-32_iDASv3-P11_UTC190427181008,utah_2019,utah_2019,utah_2019_1,event,1,/home/ted1204/MS_Detection_Datamaker/MS_datamaker_UTAH_2019/data/event/FORGE_78-32_iDASv3-P11_UTC190427181008.sgy,FORGE_78-32_iDASv3-P11_UTC190427181008.sgy,FORGE_78-32_iDASv3-P11_UTC190427181008,28.0,30.0,679,1084,1000.0,utah_lower_labels_2s.csv
86,utah_2019__FORGE_78-32_iDASv3-P11_UTC190427182753,utah_2019,utah_2019,utah_2019_1,event,1,/home/ted1204/MS_Detection_Datamaker/MS_datamaker_UTAH_2019/data/event/FORGE_78-32_iDASv3-P11_UTC190427182753.sgy,FORGE_78-32_iDASv3-P11_UTC190427182753.sgy,FORGE_78-32_iDASv3-P11_UTC190427182753,27.0,29.0,679,1084,1000.0,utah_lower_labels_2s.csv
87,utah_2019__FORGE_78-32_iDASv3-P11_UTC190427182753,utah_2019,utah_2019,utah_2019_1,event,1,/home/ted1204/MS_Detection_Datamaker/MS_datamaker_UTAH_2019/data/event/FORGE_78-32_iDASv3-P11_UTC190427182753.sgy,FORGE_78-32_iDASv3-P11_UTC190427182753.sgy,FORGE_78-32_iDASv3-P11_UTC190427182753,28.0,30.0,679,1084,1000.0,utah_lower_labels_2s.csv
88,utah_2019__FORGE_78-32_iDASv3-P11_UTC190427191823,utah_2019,utah_2019,utah_2019_1,event,1,/home/ted1204/MS_Detection_Datamaker/MS_datamaker_UTAH_2019/data/event/FORGE_78-32_iDASv3-P11_UTC190427191823.sgy,FORGE_78-32_iDASv3-P11_UTC190427191823.sgy,FORGE_78-32_iDASv3-P11_UTC190427191823,8.0,10.0,679,1084,1000.0,utah_lower_labels_2s.csv
89,utah_2019__FORGE_78-32_iDASv3-P11_UTC190427191823,utah_2019,utah_2019,utah_2019_1,event,1,/home/ted1204/MS_Detection_Datamaker/MS_datamaker_UTAH_2019/data/event/FORGE_78-32_iDASv3-P11_UTC190427191823.sgy,FORGE_78-32_iDASv3-P11_UTC190427191823.sgy,FORGE_78-32_iDASv3-P11_UTC190427191823,9.0,11.0,679,1084,1000.0,utah_lower_labels_2s.csv
90,utah_2019__FORGE_78-32_iDASv3-P11_UTC190427194723,utah_2019,utah_2019,utah_2019_1,event,1,/home/ted1204/MS_Detection_Datamaker/MS_datamaker_UTAH_2019/data/event/FORGE_78-32_iDASv3-P11_UTC190427194723.sgy,FORGE_78-32_iDASv3-P11_UTC190427194723.sgy,FORGE_78-32_iDASv3-P11_UTC190427194723,4.0,6.0,679,1084,1000.0,utah_lower_labels_2s.csv
91,utah_2019__FORGE_78-32_iDASv3-P11_UTC190427194723,utah_2019,utah_2019,utah_2019_1,event,1,/home/ted1204/MS_Detection_Datamaker/MS_datamaker_UTAH_2019/data/event/FORGE_78-32_iDASv3-P11_UTC190427194723.sgy,FORGE_78-32_iDASv3-P11_UTC190427194723.sgy,FORGE_78-32_iDASv3-P11_UTC190427194723,5.0,7.0,679,1084,1000.0,utah_lower_labels_2s.csv
92,utah_2019__FORGE_78-32_iDASv3-P11_UTC190427194908,utah_2019,utah_2019,utah_2019_1,event,1,/home/ted1204/MS_Detection_Datamaker/MS_datamaker_UTAH_2019/data/event/FORGE_78-32_iDASv3-P11_UTC190427194908.sgy,FORGE_78-32_iDASv3-P11_UTC190427194908.sgy,FORGE_78-32_iDASv3-P11_UTC190427194908,25.0,27.0,679,1084,1000.0,utah_lower_labels_2s.csv
93,utah_2019__FORGE_78-32_iDASv3-P11_UTC190427194908,utah_2019,utah_2019,utah_2019_1,event,1,/home/ted1204/MS_Detection_Datamaker/MS_datamaker_UTAH_2019/data/event/FORGE_78-32_iDASv3-P11_UTC190427194908.sgy,FORGE_78-32_iDASv3-P11_UTC190427194908.sgy,FORGE_78-32_iDASv3-P11_UTC190427194908,26.0,28.0,679,1084,1000.0,utah_lower_labels_2s.csv
94,utah_2019__FORGE_78-32_iDASv3-P11_UTC190427194908,utah_2019,utah_2019,utah_2019_1,event,1,/home/ted1204/MS_Detection_Datamaker/MS_datamaker_UTAH_2019/data/event/FORGE_78-32_iDASv3-P11_UTC190427194908.sgy,FORGE_78-32_iDASv3-P11_UTC190427194908.sgy,FORGE_78-32_iDASv3-P11_UTC190427194908,27.0,29.0,679,1084,1000.0,utah_lower_labels_2s.csv
95,utah_2019__FORGE_78-32_iDASv3-P11_UTC190427195423,utah_2019,utah_2019,utah_2019_1,event,1,/home/ted1204/MS_Detection_Datamaker/MS_datamaker_UTAH_2019/data/event/FORGE_78-32_iDASv3-P11_UTC190427195423.sgy,FORGE_78-32_iDASv3-P11_UTC190427195423.sgy,FORGE_78-32_iDASv3-P11_UTC190427195423,14.0,16.0,679,1084,1000.0,utah_lower_labels_2s.csv
96,utah_2019__FORGE_78-32_iDASv3-P11_UTC190427195423,utah_2019,utah_2019,utah_2019_1,event,1,/home/ted1204/MS_Detection_Datamaker/MS_datamaker_UTAH_2019/data/event/FORGE_78-32_iDASv3-P11_UTC190427195423.sgy,FORGE_78-32_iDASv3-P11_UTC190427195423.sgy,FORGE_78-32_iDASv3-P11_UTC190427195423,15.0,17.0,679,1084,1000.0,utah_lower_labels_2s.csv
97,utah_2019__FORGE_78-32_iDASv3-P11_UTC190427195753,utah_2019,utah_2019,utah_2019_1,event,1,/home/ted1204/MS_Detection_Datamaker/MS_datamaker_UTAH_2019/data/event/FORGE_78-32_iDASv3-P11_UTC190427195753.sgy,FORGE_78-32_iDASv3-P11_UTC190427195753.sgy,FORGE_78-32_iDASv3-P11_UTC190427195753,16.0,18.0,679,1084,1000.0,utah_lower_labels_2s.csv
98,utah_2019__FORGE_78-32_iDASv3-P11_UTC190427195753,utah_2019,utah_2019,utah_2019_1,event,1,/home/ted1204/MS_Detection_Datamaker/MS_datamaker_UTAH_2019/data/event/FORGE_78-32_iDASv3-P11_UTC190427195753.sgy,FORGE_78-32_iDASv3-P11_UTC190427195753.sgy,FORGE_78-32_iDASv3-P11_UTC190427195753,17.0,19.0,679,1084,1000.0,utah_lower_labels_2s.csv
99,utah_2019__FORGE_78-32_iDASv3-P11_UTC190427195753,utah_2019,utah_2019,utah_2019_1,event,1,/home/ted1204/MS_Detection_Datamaker/MS_datamaker_UTAH_2019/data/event/FORGE_78-32_iDASv3-P11_UTC190427195753.sgy,FORGE_78-32_iDASv3-P11_UTC190427195753.sgy,FORGE_78-32_iDASv3-P11_UTC190427195753,18.0,20.0,679,1084,1000.0,utah_lower_labels_2s.csv
100,utah_2019__FORGE_78-32_iDASv3-P11_UTC190427195753,utah_2019,utah_2019,utah_2019_1,event,1,/home/ted1204/MS_Detection_Datamaker/MS_datamaker_UTAH_2019/data/event/FORGE_78-32_iDASv3-P11_UTC190427195753.sgy,FORGE_78-32_iDASv3-P11_UTC190427195753.sgy,FORGE_78-32_iDASv3-P11_UTC190427195753,19.0,21.0,679,1084,1000.0,utah_lower_labels_2s.csv
101,utah_2019__FORGE_78-32_iDASv3-P11_UTC190427195823,utah_2019,utah_2019,utah_2019_1,event,1,/home/ted1204/MS_Detection_Datamaker/MS_datamaker_UTAH_2019/data/event/FORGE_78-32_iDASv3-P11_UTC190427195823.sgy,FORGE_78-32_iDASv3-P11_UTC190427195823.sgy,FORGE_78-32_iDASv3-P11_UTC190427195823,1.0,3.0,679,1084,1000.0,utah_lower_labels_2s.csv
102,utah_2019__FORGE_78-32_iDASv3-P11_UTC190427195823,utah_2019,utah_2019,utah_2019_1,event,1,/home/ted1204/MS_Detection_Datamaker/MS_datamaker_UTAH_2019/data/event/FORGE_78-32_iDASv3-P11_UTC190427195823.sgy,FORGE_78-32_iDASv3-P11_UTC190427195823.sgy,FORGE_78-32_iDASv3-P11_UTC190427195823,2.0,4.0,679,1084,1000.0,utah_lower_labels_2s.csv
103,utah_2019__FORGE_78-32_iDASv3-P11_UTC190427200308,utah_2019,utah_2019,utah_2019_1,event,1,/home/ted1204/MS_Detection_Datamaker/MS_datamaker_UTAH_2019/data/event/FORGE_78-32_iDASv3-P11_UTC190427200308.sgy,FORGE_78-32_iDASv3-P11_UTC190427200308.sgy,FORGE_78-32_iDASv3-P11_UTC190427200308,19.0,21.0,679,1084,1000.0,utah_lower_labels_2s.csv
104,utah_2019__FORGE_78-32_iDASv3-P11_UTC190427200308,utah_2019,utah_2019,utah_2019_1,event,1,/home/ted1204/MS_Detection_Datamaker/MS_datamaker_UTAH_2019/data/event/FORGE_78-32_iDASv3-P11_UTC190427200308.sgy,FORGE_78-32_iDASv3-P11_UTC190427200308.sgy,FORGE_78-32_iDASv3-P11_UTC190427200308,20.0,22.0,679,1084,1000.0,utah_lower_labels_2s.csv
105,utah_2019__FORGE_78-32_iDASv3-P11_UTC190427200653,utah_2019,utah_2019,utah_2019_1,event,1,/home/ted1204/MS_Detection_Datamaker/MS_datamaker_UTAH_2019/data/event/FORGE_78-32_iDASv3-P11_UTC190427200653.sgy,FORGE_78-32_iDASv3-P11_UTC190427200653.sgy,FORGE_78-32_iDASv3-P11_UTC190427200653,0.0,2.0,679,1084,1000.0,utah_lower_labels_2s.csv
106,utah_2019__FORGE_78-32_iDASv3-P11_UTC190427200953,utah_2019,utah_2019,utah_2019_1,event,1,/home/ted1204/MS_Detection_Datamaker/MS_datamaker_UTAH_2019/data/event/FORGE_78-32_iDASv3-P11_UTC190427200953.sgy,FORGE_78-32_iDASv3-P11_UTC190427200953.sgy,FORGE_78-32_iDASv3-P11_UTC190427200953,28.0,30.0,679,1084,1000.0,utah_lower_labels_2s.csv
107,utah_2019__FORGE_78-32_iDASv3-P11_UTC190427201008,utah_2019,utah_2019,utah_2019_1,event,1,/home/ted1204/MS_Detection_Datamaker/MS_datamaker_UTAH_2019/data/event/FORGE_78-32_iDASv3-P11_UTC190427201008.sgy,FORGE_78-32_iDASv3-P11_UTC190427201008.sgy,FORGE_78-32_iDASv3-P11_UTC190427201008,0.0,2.0,679,1084,1000.0,utah_lower_labels_2s.csv
108,utah_2019__FORGE_78-32_iDASv3-P11_UTC190427202053,utah_2019,utah_2019,utah_2019_1,event,1,/home/ted1204/MS_Detection_Datamaker/MS_datamaker_UTAH_2019/data/event/FORGE_78-32_iDASv3-P11_UTC190427202053.sgy,FORGE_78-32_iDASv3-P11_UTC190427202053.sgy,FORGE_78-32_iDASv3-P11_UTC190427202053,8.0,10.0,679,1084,1000.0,utah_lower_labels_2s.csv
109,utah_2019__FORGE_78-32_iDASv3-P11_UTC190427202053,utah_2019,utah_2019,utah_2019_1,event,1,/home/ted1204/MS_Detection_Datamaker/MS_datamaker_UTAH_2019/data/event/FORGE_78-32_iDASv3-P11_UTC190427202053.sgy,FORGE_78-32_iDASv3-P11_UTC190427202053.sgy,FORGE_78-32_iDASv3-P11_UTC190427202053,9.0,11.0,679,1084,1000.0,utah_lower_labels_2s.csv
110,utah_2019__FORGE_78-32_iDASv3-P11_UTC190427202053,utah_2019,utah_2019,utah_2019_1,event,1,/home/ted1204/MS_Detection_Datamaker/MS_datamaker_UTAH_2019/data/event/FORGE_78-32_iDASv3-P11_UTC190427202053.sgy,FORGE_78-32_iDASv3-P11_UTC190427202053.sgy,FORGE_78-32_iDASv3-P11_UTC190427202053,10.0,12.0,679,1084,1000.0,utah_lower_labels_2s.csv
111,utah_2019__FORGE_78-32_iDASv3-P11_UTC190427203253,utah_2019,utah_2019,utah_2019_1,event,1,/home/ted1204/MS_Detection_Datamaker/MS_datamaker_UTAH_2019/data/event/FORGE_78-32_iDASv3-P11_UTC190427203253.sgy,FORGE_78-32_iDASv3-P11_UTC190427203253.sgy,FORGE_78-32_iDASv3-P11_UTC190427203253,13.0,15.0,679,1084,1000.0,utah_lower_labels_2s.csv
112,utah_2019__FORGE_78-32_iDASv3-P11_UTC190427203253,utah_2019,utah_2019,utah_2019_1,event,1,/home/ted1204/MS_Detection_Datamaker/MS_datamaker_UTAH_2019/data/event/FORGE_78-32_iDASv3-P11_UTC190427203253.sgy,FORGE_78-32_iDASv3-P11_UTC190427203253.sgy,FORGE_78-32_iDASv3-P11_UTC190427203253,14.0,16.0,679,1084,1000.0,utah_lower_labels_2s.csv
113,utah_2019__FORGE_78-32_iDASv3-P11_UTC190427203938,utah_2019,utah_2019,utah_2019_1,event,1,/home/ted1204/MS_Detection_Datamaker/MS_datamaker_UTAH_2019/data/event/FORGE_78-32_iDASv3-P11_UTC190427203938.sgy,FORGE_78-32_iDASv3-P11_UTC190427203938.sgy,FORGE_78-32_iDASv3-P11_UTC190427203938,22.0,24.0,679,1084,1000.0,utah_lower_labels_2s.csv
114,utah_2019__FORGE_78-32_iDASv3-P11_UTC190427203938,utah_2019,utah_2019,utah_2019_1,event,1,/home/ted1204/MS_Detection_Datamaker/MS_datamaker_UTAH_2019/data/event/FORGE_78-32_iDASv3-P11_UTC190427203938.sgy,FORGE_78-32_iDASv3-P11_UTC190427203938.sgy,FORGE_78-32_iDASv3-P11_UTC190427203938,23.0,25.0,679,1084,1000.0,utah_lower_labels_2s.csv
115,utah_2019__FORGE_78-32_iDASv3-P11_UTC190427204208,utah_2019,utah_2019,utah_2019_1,event,1,/home/ted1204/MS_Detection_Datamaker/MS_datamaker_UTAH_2019/data/event/FORGE_78-32_iDASv3-P11_UTC190427204208.sgy,FORGE_78-32_iDASv3-P11_UTC190427204208.sgy,FORGE_78-32_iDASv3-P11_UTC190427204208,10.0,12.0,679,1084,1000.0,utah_lower_labels_2s.csv
116,utah_2019__FORGE_78-32_iDASv3-P11_UTC190427204208,utah_2019,utah_2019,utah_2019_1,event,1,/home/ted1204/MS_Detection_Datamaker/MS_datamaker_UTAH_2019/data/event/FORGE_78-32_iDASv3-P11_UTC190427204208.sgy,FORGE_78-32_iDASv3-P11_UTC190427204208.sgy,FORGE_78-32_iDASv3-P11_UTC190427204208,11.0,13.0,679,1084,1000.0,utah_lower_labels_2s.csv
117,utah_2019__FORGE_78-32_iDASv3-P11_UTC190427204208,utah_2019,utah_2019,utah_2019_1,event,1,/home/ted1204/MS_Detection_Datamaker/MS_datamaker_UTAH_2019/data/event/FORGE_78-32_iDASv3-P11_UTC190427204208.sgy,FORGE_78-32_iDASv3-P11_UTC190427204208.sgy,FORGE_78-32_iDASv3-P11_UTC190427204208,12.0,14.0,679,1084,1000.0,utah_lower_labels_2s.csv
118,utah_2019__FORGE_78-32_iDASv3-P11_UTC190427204208,utah_2019,utah_2019,utah_2019_1,event,1,/home/ted1204/MS_Detection_Datamaker/MS_datamaker_UTAH_2019/data/event/FORGE_78-32_iDASv3-P11_UTC190427204208.sgy,FORGE_78-32_iDASv3-P11_UTC190427204208.sgy,FORGE_78-32_iDASv3-P11_UTC190427204208,13.0,15.0,679,1084,1000.0,utah_lower_labels_2s.csv
119,utah_2019__FORGE_78-32_iDASv3-P11_UTC190427213008,utah_2019,utah_2019,utah_2019_1,event,1,/home/ted1204/MS_Detection_Datamaker/MS_datamaker_UTAH_2019/data/event/FORGE_78-32_iDASv3-P11_UTC190427213008.sgy,FORGE_78-32_iDASv3-P11_UTC190427213008.sgy,FORGE_78-32_iDASv3-P11_UTC190427213008,5.0,7.0,679,1084,1000.0,utah_lower_labels_2s.csv
120,utah_2019__FORGE_78-32_iDASv3-P11_UTC190427213008,utah_2019,utah_2019,utah_2019_1,event,1,/home/ted1204/MS_Detection_Datamaker/MS_datamaker_UTAH_2019/data/event/FORGE_78-32_iDASv3-P11_UTC190427213008.sgy,FORGE_78-32_iDASv3-P11_UTC190427213008.sgy,FORGE_78-32_iDASv3-P11_UTC190427213008,6.0,8.0,679,1084,1000.0,utah_lower_labels_2s.csv
121,utah_2019__FORGE_78-32_iDASv3-P11_UTC190427213423,utah_2019,utah_2019,utah_2019_1,event,1,/home/ted1204/MS_Detection_Datamaker/MS_datamaker_UTAH_2019/data/event/FORGE_78-32_iDASv3-P11_UTC190427213423.sgy,FORGE_78-32_iDASv3-P11_UTC190427213423.sgy,FORGE_78-32_iDASv3-P11_UTC190427213423,26.0,28.0,679,1084,1000.0,utah_lower_labels_2s.csv
122,utah_2019__FORGE_78-32_iDASv3-P11_UTC190427213423,utah_2019,utah_2019,utah_2019_1,event,1,/home/ted1204/MS_Detection_Datamaker/MS_datamaker_UTAH_2019/data/event/FORGE_78-32_iDASv3-P11_UTC190427213423.sgy,FORGE_78-32_iDASv3-P11_UTC190427213423.sgy,FORGE_78-32_iDASv3-P11_UTC190427213423,27.0,29.0,679,1084,1000.0,utah_lower_labels_2s.csv
123,utah_2019__FORGE_78-32_iDASv3-P11_UTC190427222823,utah_2019,utah_2019,utah_2019_1,event,1,/home/ted1204/MS_Detection_Datamaker/MS_datamaker_UTAH_2019/data/event/FORGE_78-32_iDASv3-P11_UTC190427222823.sgy,FORGE_78-32_iDASv3-P11_UTC190427222823.sgy,FORGE_78-32_iDASv3-P11_UTC190427222823,23.0,25.0,679,1084,1000.0,utah_lower_labels_2s.csv
124,utah_2019__FORGE_78-32_iDASv3-P11_UTC190427222823,utah_2019,utah_2019,utah_2019_1,event,1,/home/ted1204/MS_Detection_Datamaker/MS_datamaker_UTAH_2019/data/event/FORGE_78-32_iDASv3-P11_UTC190427222823.sgy,FORGE_78-32_iDASv3-P11_UTC190427222823.sgy,FORGE_78-32_iDASv3-P11_UTC190427222823,24.0,26.0,679,1084,1000.0,utah_lower_labels_2s.csv
125,utah_2019__FORGE_78-32_iDASv3-P11_UTC190428021238,utah_2019,utah_2019,utah_2019_1,event,1,/home/ted1204/MS_Detection_Datamaker/MS_datamaker_UTAH_2019/data/event/FORGE_78-32_iDASv3-P11_UTC190428021238.sgy,FORGE_78-32_iDASv3-P11_UTC190428021238.sgy,FORGE_78-32_iDASv3-P11_UTC190428021238,21.0,23.0,679,1084,1000.0,utah_lower_labels_2s.csv
126,utah_2019__FORGE_78-32_iDASv3-P11_UTC190428021238,utah_2019,utah_2019,utah_2019_1,event,1,/home/ted1204/MS_Detection_Datamaker/MS_datamaker_UTAH_2019/data/event/FORGE_78-32_iDASv3-P11_UTC190428021238.sgy,FORGE_78-32_iDASv3-P11_UTC190428021238.sgy,FORGE_78-32_iDASv3-P11_UTC190428021238,22.0,24.0,679,1084,1000.0,utah_lower_labels_2s.csv
127,utah_2019__FORGE_78-32_iDASv3-P11_UTC190428152553,utah_2019,utah_2019,utah_2019_1,event,1,/home/ted1204/MS_Detection_Datamaker/MS_datamaker_UTAH_2019/data/event/FORGE_78-32_iDASv3-P11_UTC190428152553.sgy,FORGE_78-32_iDASv3-P11_UTC190428152553.sgy,FORGE_78-32_iDASv3-P11_UTC190428152553,9.0,11.0,679,1084,1000.0,utah_lower_labels_2s.csv
128,utah_2019__FORGE_78-32_iDASv3-P11_UTC190428152553,utah_2019,utah_2019,utah_2019_1,event,1,/home/ted1204/MS_Detection_Datamaker/MS_datamaker_UTAH_2019/data/event/FORGE_78-32_iDASv3-P11_UTC190428152553.sgy,FORGE_78-32_iDASv3-P11_UTC190428152553.sgy,FORGE_78-32_iDASv3-P11_UTC190428152553,10.0,12.0,679,1084,1000.0,utah_lower_labels_2s.csv
129,utah_2019__FORGE_78-32_iDASv3-P11_UTC190428152623,utah_2019,utah_2019,utah_2019_1,event,1,/home/ted1204/MS_Detection_Datamaker/MS_datamaker_UTAH_2019/data/event/FORGE_78-32_iDASv3-P11_UTC190428152623.sgy,FORGE_78-32_iDASv3-P11_UTC190428152623.sgy,FORGE_78-32_iDASv3-P11_UTC190428152623,28.0,30.0,679,1084,1000.0,utah_lower_labels_2s.csv
130,utah_2019__FORGE_78-32_iDASv3-P11_UTC190428152838,utah_2019,utah_2019,utah_2019_1,event,1,/home/ted1204/MS_Detection_Datamaker/MS_datamaker_UTAH_2019/data/event/FORGE_78-32_iDASv3-P11_UTC190428152838.sgy,FORGE_78-32_iDASv3-P11_UTC190428152838.sgy,FORGE_78-32_iDASv3-P11_UTC190428152838,20.0,22.0,679,1084,1000.0,utah_lower_labels_2s.csv
131,utah_2019__FORGE_78-32_iDASv3-P11_UTC190428152838,utah_2019,utah_2019,utah_2019_1,event,1,/home/ted1204/MS_Detection_Datamaker/MS_datamaker_UTAH_2019/data/event/FORGE_78-32_iDASv3-P11_UTC190428152838.sgy,FORGE_78-32_iDASv3-P11_UTC190428152838.sgy,FORGE_78-32_iDASv3-P11_UTC190428152838,21.0,23.0,679,1084,1000.0,utah_lower_labels_2s.csv
132,utah_2019__FORGE_78-32_iDASv3-P11_UTC190428152838,utah_2019,utah_2019,utah_2019_1,event,1,/home/ted1204/MS_Detection_Datamaker/MS_datamaker_UTAH_2019/data/event/FORGE_78-32_iDASv3-P11_UTC190428152838.sgy,FORGE_78-32_iDASv3-P11_UTC190428152838.sgy,FORGE_78-32_iDASv3-P11_UTC190428152838,22.0,24.0,679,1084,1000.0,utah_lower_labels_2s.csv
133,utah_2019__FORGE_78-32_iDASv3-P11_UTC190428152953,utah_2019,utah_2019,utah_2019_1,event,1,/home/ted1204/MS_Detection_Datamaker/MS_datamaker_UTAH_2019/data/event/FORGE_78-32_iDASv3-P11_UTC190428152953.sgy,FORGE_78-32_iDASv3-P11_UTC190428152953.sgy,FORGE_78-32_iDASv3-P11_UTC190428152953,6.0,8.0,679,1084,1000.0,utah_lower_labels_2s.csv
134,utah_2019__FORGE_78-32_iDASv3-P11_UTC190428152953,utah_2019,utah_2019,utah_2019_1,event,1,/home/ted1204/MS_Detection_Datamaker/MS_datamaker_UTAH_2019/data/event/FORGE_78-32_iDASv3-P11_UTC190428152953.sgy,FORGE_78-32_iDASv3-P11_UTC190428152953.sgy,FORGE_78-32_iDASv3-P11_UTC190428152953,7.0,9.0,679,1084,1000.0,utah_lower_labels_2s.csv
135,utah_2019__FORGE_78-32_iDASv3-P11_UTC190428153123,utah_2019,utah_2019,utah_2019_1,event,1,/home/ted1204/MS_Detection_Datamaker/MS_datamaker_UTAH_2019/data/event/FORGE_78-32_iDASv3-P11_UTC190428153123.sgy,FORGE_78-32_iDASv3-P11_UTC190428153123.sgy,FORGE_78-32_iDASv3-P11_UTC190428153123,17.0,19.0,679,1084,1000.0,utah_lower_labels_2s.csv
136,utah_2019__FORGE_78-32_iDASv3-P11_UTC190428153123,utah_2019,utah_2019,utah_2019_1,event,1,/home/ted1204/MS_Detection_Datamaker/MS_datamaker_UTAH_2019/data/event/FORGE_78-32_iDASv3-P11_UTC190428153123.sgy,FORGE_78-32_iDASv3-P11_UTC190428153123.sgy,FORGE_78-32_iDASv3-P11_UTC190428153123,18.0,20.0,679,1084,1000.0,utah_lower_labels_2s.csv
137,utah_2019__FORGE_78-32_iDASv3-P11_UTC190428153908,utah_2019,utah_2019,utah_2019_1,event,1,/home/ted1204/MS_Detection_Datamaker/MS_datamaker_UTAH_2019/data/event/FORGE_78-32_iDASv3-P11_UTC190428153908.sgy,FORGE_78-32_iDASv3-P11_UTC190428153908.sgy,FORGE_78-32_iDASv3-P11_UTC190428153908,28.0,30.0,679,1084,1000.0,utah_lower_labels_2s.csv
138,utah_2019__FORGE_78-32_iDASv3-P11_UTC190428154038,utah_2019,utah_2019,utah_2019_1,event,1,/home/ted1204/MS_Detection_Datamaker/MS_datamaker_UTAH_2019/data/event/FORGE_78-32_iDASv3-P11_UTC190428154038.sgy,FORGE_78-32_iDASv3-P11_UTC190428154038.sgy,FORGE_78-32_iDASv3-P11_UTC190428154038,18.0,20.0,679,1084,1000.0,utah_lower_labels_2s.csv
139,utah_2019__FORGE_78-32_iDASv3-P11_UTC190428154038,utah_2019,utah_2019,utah_2019_1,event,1,/home/ted1204/MS_Detection_Datamaker/MS_datamaker_UTAH_2019/data/event/FORGE_78-32_iDASv3-P11_UTC190428154038.sgy,FORGE_78-32_iDASv3-P11_UTC190428154038.sgy,FORGE_78-32_iDASv3-P11_UTC190428154038,19.0,21.0,679,1084,1000.0,utah_lower_labels_2s.csv
140,utah_2019__FORGE_78-32_iDASv3-P11_UTC190428154223,utah_2019,utah_2019,utah_2019_1,event,1,/home/ted1204/MS_Detection_Datamaker/MS_datamaker_UTAH_2019/data/event/FORGE_78-32_iDASv3-P11_UTC190428154223.sgy,FORGE_78-32_iDASv3-P11_UTC190428154223.sgy,FORGE_78-32_iDASv3-P11_UTC190428154223,22.0,24.0,679,1084,1000.0,utah_lower_labels_2s.csv
141,utah_2019__FORGE_78-32_iDASv3-P11_UTC190428154223,utah_2019,utah_2019,utah_2019_1,event,1,/home/ted1204/MS_Detection_Datamaker/MS_datamaker_UTAH_2019/data/event/FORGE_78-32_iDASv3-P11_UTC190428154223.sgy,FORGE_78-32_iDASv3-P11_UTC190428154223.sgy,FORGE_78-32_iDASv3-P11_UTC190428154223,23.0,25.0,679,1084,1000.0,utah_lower_labels_2s.csv
142,utah_2019__FORGE_78-32_iDASv3-P11_UTC190428154253,utah_2019,utah_2019,utah_2019_1,event,1,/home/ted1204/MS_Detection_Datamaker/MS_datamaker_UTAH_2019/data/event/FORGE_78-32_iDASv3-P11_UTC190428154253.sgy,FORGE_78-32_iDASv3-P11_UTC190428154253.sgy,FORGE_78-32_iDASv3-P11_UTC190428154253,12.0,14.0,679,1084,1000.0,utah_lower_labels_2s.csv
143,utah_2019__FORGE_78-32_iDASv3-P11_UTC190428154253,utah_2019,utah_2019,utah_2019_1,event,1,/home/ted1204/MS_Detection_Datamaker/MS_datamaker_UTAH_2019/data/event/FORGE_78-32_iDASv3-P11_UTC190428154253.sgy,FORGE_78-32_iDASv3-P11_UTC190428154253.sgy,FORGE_78-32_iDASv3-P11_UTC190428154253,13.0,15.0,679,1084,1000.0,utah_lower_labels_2s.csv
144,utah_2019__FORGE_78-32_iDASv3-P11_UTC190428154253,utah_2019,utah_2019,utah_2019_1,event,1,/home/ted1204/MS_Detection_Datamaker/MS_datamaker_UTAH_2019/data/event/FORGE_78-32_iDASv3-P11_UTC190428154253.sgy,FORGE_78-32_iDASv3-P11_UTC190428154253.sgy,FORGE_78-32_iDASv3-P11_UTC190428154253,14.0,16.0,679,1084,1000.0,utah_lower_labels_2s.csv
145,utah_2019__FORGE_78-32_iDASv3-P11_UTC190428154253,utah_2019,utah_2019,utah_2019_1,event,1,/home/ted1204/MS_Detection_Datamaker/MS_datamaker_UTAH_2019/data/event/FORGE_78-32_iDASv3-P11_UTC190428154253.sgy,FORGE_78-32_iDASv3-P11_UTC190428154253.sgy,FORGE_78-32_iDASv3-P11_UTC190428154253,15.0,17.0,679,1084,1000.0,utah_lower_labels_2s.csv
146,utah_2019__FORGE_78-32_iDASv3-P11_UTC190428154253,utah_2019,utah_2019,utah_2019_1,event,1,/home/ted1204/MS_Detection_Datamaker/MS_datamaker_UTAH_2019/data/event/FORGE_78-32_iDASv3-P11_UTC190428154253.sgy,FORGE_78-32_iDASv3-P11_UTC190428154253.sgy,FORGE_78-32_iDASv3-P11_UTC190428154253,16.0,18.0,679,1084,1000.0,utah_lower_labels_2s.csv
147,utah_2019__FORGE_78-32_iDASv3-P11_UTC190428154253,utah_2019,utah_2019,utah_2019_1,event,1,/home/ted1204/MS_Detection_Datamaker/MS_datamaker_UTAH_2019/data/event/FORGE_78-32_iDASv3-P11_UTC190428154253.sgy,FORGE_78-32_iDASv3-P11_UTC190428154253.sgy,FORGE_78-32_iDASv3-P11_UTC190428154253,17.0,19.0,679,1084,1000.0,utah_lower_labels_2s.csv
148,utah_2019__FORGE_78-32_iDASv3-P11_UTC190428154253,utah_2019,utah_2019,utah_2019_1,event,1,/home/ted1204/MS_Detection_Datamaker/MS_datamaker_UTAH_2019/data/event/FORGE_78-32_iDASv3-P11_UTC190428154253.sgy,FORGE_78-32_iDASv3-P11_UTC190428154253.sgy,FORGE_78-32_iDASv3-P11_UTC190428154253,18.0,20.0,679,1084,1000.0,utah_lower_labels_2s.csv
149,utah_2019__FORGE_78-32_iDASv3-P11_UTC190428154408,utah_2019,utah_2019,utah_2019_1,event,1,/home/ted1204/MS_Detection_Datamaker/MS_datamaker_UTAH_2019/data/event/FORGE_78-32_iDASv3-P11_UTC190428154408.sgy,FORGE_78-32_iDASv3-P11_UTC190428154408.sgy,FORGE_78-32_iDASv3-P11_UTC190428154408,24.0,26.0,679,1084,1000.0,utah_lower_labels_2s.csv
150,utah_2019__FORGE_78-32_iDASv3-P11_UTC190428154408,utah_2019,utah_2019,utah_2019_1,event,1,/home/ted1204/MS_Detection_Datamaker/MS_datamaker_UTAH_2019/data/event/FORGE_78-32_iDASv3-P11_UTC190428154408.sgy,FORGE_78-32_iDASv3-P11_UTC190428154408.sgy,FORGE_78-32_iDASv3-P11_UTC190428154408,25.0,27.0,679,1084,1000.0,utah_lower_labels_2s.csv
151,utah_2019__FORGE_78-32_iDASv3-P11_UTC190428155638,utah_2019,utah_2019,utah_2019_1,event,1,/home/ted1204/MS_Detection_Datamaker/MS_datamaker_UTAH_2019/data/event/FORGE_78-32_iDASv3-P11_UTC190428155638.sgy,FORGE_78-32_iDASv3-P11_UTC190428155638.sgy,FORGE_78-32_iDASv3-P11_UTC190428155638,12.0,14.0,679,1084,1000.0,utah_lower_labels_2s.csv
152,utah_2019__FORGE_78-32_iDASv3-P11_UTC190428155638,utah_2019,utah_2019,utah_2019_1,event,1,/home/ted1204/MS_Detection_Datamaker/MS_datamaker_UTAH_2019/data/event/FORGE_78-32_iDASv3-P11_UTC190428155638.sgy,FORGE_78-32_iDASv3-P11_UTC190428155638.sgy,FORGE_78-32_iDASv3-P11_UTC190428155638,13.0,15.0,679,1084,1000.0,utah_lower_labels_2s.csv
153,utah_2019__FORGE_78-32_iDASv3-P11_UTC190428155638,utah_2019,utah_2019,utah_2019_1,event,1,/home/ted1204/MS_Detection_Datamaker/MS_datamaker_UTAH_2019/data/event/FORGE_78-32_iDASv3-P11_UTC190428155638.sgy,FORGE_78-32_iDASv3-P11_UTC190428155638.sgy,FORGE_78-32_iDASv3-P11_UTC190428155638,14.0,16.0,679,1084,1000.0,utah_lower_labels_2s.csv
154,utah_2019__FORGE_78-32_iDASv3-P11_UTC190428161138,utah_2019,utah_2019,utah_2019_1,event,1,/home/ted1204/MS_Detection_Datamaker/MS_datamaker_UTAH_2019/data/event/FORGE_78-32_iDASv3-P11_UTC190428161138.sgy,FORGE_78-32_iDASv3-P11_UTC190428161138.sgy,FORGE_78-32_iDASv3-P11_UTC190428161138,21.0,23.0,679,1084,1000.0,utah_lower_labels_2s.csv
155,utah_2019__FORGE_78-32_iDASv3-P11_UTC190428161138,utah_2019,utah_2019,utah_2019_1,event,1,/home/ted1204/MS_Detection_Datamaker/MS_datamaker_UTAH_2019/data/event/FORGE_78-32_iDASv3-P11_UTC190428161138.sgy,FORGE_78-32_iDASv3-P11_UTC190428161138.sgy,FORGE_78-32_iDASv3-P11_UTC190428161138,22.0,24.0,679,1084,1000.0,utah_lower_labels_2s.csv
156,utah_2019__FORGE_78-32_iDASv3-P11_UTC190428161138,utah_2019,utah_2019,utah_2019_1,event,1,/home/ted1204/MS_Detection_Datamaker/MS_datamaker_UTAH_2019/data/event/FORGE_78-32_iDASv3-P11_UTC190428161138.sgy,FORGE_78-32_iDASv3-P11_UTC190428161138.sgy,FORGE_78-32_iDASv3-P11_UTC190428161138,23.0,25.0,679,1084,1000.0,utah_lower_labels_2s.csv
157,utah_2019__FORGE_78-32_iDASv3-P11_UTC190428161238,utah_2019,utah_2019,utah_2019_1,event,1,/home/ted1204/MS_Detection_Datamaker/MS_datamaker_UTAH_2019/data/event/FORGE_78-32_iDASv3-P11_UTC190428161238.sgy,FORGE_78-32_iDASv3-P11_UTC190428161238.sgy,FORGE_78-32_iDASv3-P11_UTC190428161238,0.0,2.0,679,1084,1000.0,utah_lower_labels_2s.csv
158,utah_2019__FORGE_78-32_iDASv3-P11_UTC190428161238,utah_2019,utah_2019,utah_2019_1,event,1,/home/ted1204/MS_Detection_Datamaker/MS_datamaker_UTAH_2019/data/event/FORGE_78-32_iDASv3-P11_UTC190428161238.sgy,FORGE_78-32_iDASv3-P11_UTC190428161238.sgy,FORGE_78-32_iDASv3-P11_UTC190428161238,1.0,3.0,679,1084,1000.0,utah_lower_labels_2s.csv
159,utah_2019__FORGE_78-32_iDASv3-P11_UTC190428162223,utah_2019,utah_2019,utah_2019_1,event,1,/home/ted1204/MS_Detection_Datamaker/MS_datamaker_UTAH_2019/data/event/FORGE_78-32_iDASv3-P11_UTC190428162223.sgy,FORGE_78-32_iDASv3-P11_UTC190428162223.sgy,FORGE_78-32_iDASv3-P11_UTC190428162223,25.0,27.0,679,1084,1000.0,utah_lower_labels_2s.csv
160,utah_2019__FORGE_78-32_iDASv3-P11_UTC190428162223,utah_2019,utah_2019,utah_2019_1,event,1,/home/ted1204/MS_Detection_Datamaker/MS_datamaker_UTAH_2019/data/event/FORGE_78-32_iDASv3-P11_UTC190428162223.sgy,FORGE_78-32_iDASv3-P11_UTC190428162223.sgy,FORGE_78-32_iDASv3-P11_UTC190428162223,26.0,28.0,679,1084,1000.0,utah_lower_labels_2s.csv
161,utah_2019__FORGE_78-32_iDASv3-P11_UTC190428162223,utah_2019,utah_2019,utah_2019_1,event,1,/home/ted1204/MS_Detection_Datamaker/MS_datamaker_UTAH_2019/data/event/FORGE_78-32_iDASv3-P11_UTC190428162223.sgy,FORGE_78-32_iDASv3-P11_UTC190428162223.sgy,FORGE_78-32_iDASv3-P11_UTC190428162223,27.0,29.0,679,1084,1000.0,utah_lower_labels_2s.csv
162,utah_2019__FORGE_78-32_iDASv3-P11_UTC190428162223,utah_2019,utah_2019,utah_2019_1,event,1,/home/ted1204/MS_Detection_Datamaker/MS_datamaker_UTAH_2019/data/event/FORGE_78-32_iDASv3-P11_UTC190428162223.sgy,FORGE_78-32_iDASv3-P11_UTC190428162223.sgy,FORGE_78-32_iDASv3-P11_UTC190428162223,28.0,30.0,679,1084,1000.0,utah_lower_labels_2s.csv
163,utah_2019__FORGE_78-32_iDASv3-P11_UTC190428170738,utah_2019,utah_2019,utah_2019_1,event,1,/home/ted1204/MS_Detection_Datamaker/MS_datamaker_UTAH_2019/data/event/FORGE_78-32_iDASv3-P11_UTC190428170738.sgy,FORGE_78-32_iDASv3-P11_UTC190428170738.sgy,FORGE_78-32_iDASv3-P11_UTC190428170738,26.0,28.0,679,1084,1000.0,utah_lower_labels_2s.csv
164,utah_2019__FORGE_78-32_iDASv3-P11_UTC190428170738,utah_2019,utah_2019,utah_2019_1,event,1,/home/ted1204/MS_Detection_Datamaker/MS_datamaker_UTAH_2019/data/event/FORGE_78-32_iDASv3-P11_UTC190428170738.sgy,FORGE_78-32_iDASv3-P11_UTC190428170738.sgy,FORGE_78-32_iDASv3-P11_UTC190428170738,27.0,29.0,679,1084,1000.0,utah_lower_labels_2s.csv
165,utah_2019__FORGE_78-32_iDASv3-P11_UTC190427173023,utah_2019,utah_2019,utah_2019_2,event,1,/home/ted1204/MS_Detection_Datamaker/MS_datamaker_UTAH_2019/data/event/FORGE_78-32_iDASv3-P11_UTC190427173023.sgy,FORGE_78-32_iDASv3-P11_UTC190427173023.sgy,FORGE_78-32_iDASv3-P11_UTC190427173023,15.0,17.0,273,678,1000.0,utah_upper_labels_2s.csv
166,utah_2019__FORGE_78-32_iDASv3-P11_UTC190427173023,utah_2019,utah_2019,utah_2019_2,event,1,/home/ted1204/MS_Detection_Datamaker/MS_datamaker_UTAH_2019/data/event/FORGE_78-32_iDASv3-P11_UTC190427173023.sgy,FORGE_78-32_iDASv3-P11_UTC190427173023.sgy,FORGE_78-32_iDASv3-P11_UTC190427173023,16.0,18.0,273,678,1000.0,utah_upper_labels_2s.csv
167,utah_2019__FORGE_78-32_iDASv3-P11_UTC190427174308,utah_2019,utah_2019,utah_2019_2,event,1,/home/ted1204/MS_Detection_Datamaker/MS_datamaker_UTAH_2019/data/event/FORGE_78-32_iDASv3-P11_UTC190427174308.sgy,FORGE_78-32_iDASv3-P11_UTC190427174308.sgy,FORGE_78-32_iDASv3-P11_UTC190427174308,15.0,17.0,273,678,1000.0,utah_upper_labels_2s.csv
168,utah_2019__FORGE_78-32_iDASv3-P11_UTC190427174308,utah_2019,utah_2019,utah_2019_2,event,1,/home/ted1204/MS_Detection_Datamaker/MS_datamaker_UTAH_2019/data/event/FORGE_78-32_iDASv3-P11_UTC190427174308.sgy,FORGE_78-32_iDASv3-P11_UTC190427174308.sgy,FORGE_78-32_iDASv3-P11_UTC190427174308,16.0,18.0,273,678,1000.0,utah_upper_labels_2s.csv
169,utah_2019__FORGE_78-32_iDASv3-P11_UTC190427174308,utah_2019,utah_2019,utah_2019_2,event,1,/home/ted1204/MS_Detection_Datamaker/MS_datamaker_UTAH_2019/data/event/FORGE_78-32_iDASv3-P11_UTC190427174308.sgy,FORGE_78-32_iDASv3-P11_UTC190427174308.sgy,FORGE_78-32_iDASv3-P11_UTC190427174308,17.0,19.0,273,678,1000.0,utah_upper_labels_2s.csv
170,utah_2019__FORGE_78-32_iDASv3-P11_UTC190427174538,utah_2019,utah_2019,utah_2019_2,event,1,/home/ted1204/MS_Detection_Datamaker/MS_datamaker_UTAH_2019/data/event/FORGE_78-32_iDASv3-P11_UTC190427174538.sgy,FORGE_78-32_iDASv3-P11_UTC190427174538.sgy,FORGE_78-32_iDASv3-P11_UTC190427174538,9.0,11.0,273,678,1000.0,utah_upper_labels_2s.csv
171,utah_2019__FORGE_78-32_iDASv3-P11_UTC190427174538,utah_2019,utah_2019,utah_2019_2,event,1,/home/ted1204/MS_Detection_Datamaker/MS_datamaker_UTAH_2019/data/event/FORGE_78-32_iDASv3-P11_UTC190427174538.sgy,FORGE_78-32_iDASv3-P11_UTC190427174538.sgy,FORGE_78-32_iDASv3-P11_UTC190427174538,10.0,12.0,273,678,1000.0,utah_upper_labels_2s.csv
172,utah_2019__FORGE_78-32_iDASv3-P11_UTC190427174538,utah_2019,utah_2019,utah_2019_2,event,1,/home/ted1204/MS_Detection_Datamaker/MS_datamaker_UTAH_2019/data/event/FORGE_78-32_iDASv3-P11_UTC190427174538.sgy,FORGE_78-32_iDASv3-P11_UTC190427174538.sgy,FORGE_78-32_iDASv3-P11_UTC190427174538,11.0,13.0,273,678,1000.0,utah_upper_labels_2s.csv
173,utah_2019__FORGE_78-32_iDASv3-P11_UTC190427175108,utah_2019,utah_2019,utah_2019_2,event,1,/home/ted1204/MS_Detection_Datamaker/MS_datamaker_UTAH_2019/data/event/FORGE_78-32_iDASv3-P11_UTC190427175108.sgy,FORGE_78-32_iDASv3-P11_UTC190427175108.sgy,FORGE_78-32_iDASv3-P11_UTC190427175108,18.0,20.0,273,678,1000.0,utah_upper_labels_2s.csv
174,utah_2019__FORGE_78-32_iDASv3-P11_UTC190427175108,utah_2019,utah_2019,utah_2019_2,event,1,/home/ted1204/MS_Detection_Datamaker/MS_datamaker_UTAH_2019/data/event/FORGE_78-32_iDASv3-P11_UTC190427175108.sgy,FORGE_78-32_iDASv3-P11_UTC190427175108.sgy,FORGE_78-32_iDASv3-P11_UTC190427175108,19.0,21.0,273,678,1000.0,utah_upper_labels_2s.csv
175,utah_2019__FORGE_78-32_iDASv3-P11_UTC190427175123,utah_2019,utah_2019,utah_2019_2,event,1,/home/ted1204/MS_Detection_Datamaker/MS_datamaker_UTAH_2019/data/event/FORGE_78-32_iDASv3-P11_UTC190427175123.sgy,FORGE_78-32_iDASv3-P11_UTC190427175123.sgy,FORGE_78-32_iDASv3-P11_UTC190427175123,14.0,16.0,273,678,1000.0,utah_upper_labels_2s.csv
176,utah_2019__FORGE_78-32_iDASv3-P11_UTC190427175123,utah_2019,utah_2019,utah_2019_2,event,1,/home/ted1204/MS_Detection_Datamaker/MS_datamaker_UTAH_2019/data/event/FORGE_78-32_iDASv3-P11_UTC190427175123.sgy,FORGE_78-32_iDASv3-P11_UTC190427175123.sgy,FORGE_78-32_iDASv3-P11_UTC190427175123,15.0,17.0,273,678,1000.0,utah_upper_labels_2s.csv
177,utah_2019__FORGE_78-32_iDASv3-P11_UTC190427175123,utah_2019,utah_2019,utah_2019_2,event,1,/home/ted1204/MS_Detection_Datamaker/MS_datamaker_UTAH_2019/data/event/FORGE_78-32_iDASv3-P11_UTC190427175123.sgy,FORGE_78-32_iDASv3-P11_UTC190427175123.sgy,FORGE_78-32_iDASv3-P11_UTC190427175123,16.0,18.0,273,678,1000.0,utah_upper_labels_2s.csv
178,utah_2019__FORGE_78-32_iDASv3-P11_UTC190427180453,utah_2019,utah_2019,utah_2019_2,event,1,/home/ted1204/MS_Detection_Datamaker/MS_datamaker_UTAH_2019/data/event/FORGE_78-32_iDASv3-P11_UTC190427180453.sgy,FORGE_78-32_iDASv3-P11_UTC190427180453.sgy,FORGE_78-32_iDASv3-P11_UTC190427180453,17.0,19.0,273,678,1000.0,utah_upper_labels_2s.csv
179,utah_2019__FORGE_78-32_iDASv3-P11_UTC190427180453,utah_2019,utah_2019,utah_2019_2,event,1,/home/ted1204/MS_Detection_Datamaker/MS_datamaker_UTAH_2019/data/event/FORGE_78-32_iDASv3-P11_UTC190427180453.sgy,FORGE_78-32_iDASv3-P11_UTC190427180453.sgy,FORGE_78-32_iDASv3-P11_UTC190427180453,18.0,20.0,273,678,1000.0,utah_upper_labels_2s.csv
180,utah_2019__FORGE_78-32_iDASv3-P11_UTC190427180453,utah_2019,utah_2019,utah_2019_2,event,1,/home/ted1204/MS_Detection_Datamaker/MS_datamaker_UTAH_2019/data/event/FORGE_78-32_iDASv3-P11_UTC190427180453.sgy,FORGE_78-32_iDASv3-P11_UTC190427180453.sgy,FORGE_78-32_iDASv3-P11_UTC190427180453,19.0,21.0,273,678,1000.0,utah_upper_labels_2s.csv
181,utah_2019__FORGE_78-32_iDASv3-P11_UTC190427180553,utah_2019,utah_2019,utah_2019_2,event,1,/home/ted1204/MS_Detection_Datamaker/MS_datamaker_UTAH_2019/data/event/FORGE_78-32_iDASv3-P11_UTC190427180553.sgy,FORGE_78-32_iDASv3-P11_UTC190427180553.sgy,FORGE_78-32_iDASv3-P11_UTC190427180553,23.0,25.0,273,678,1000.0,utah_upper_labels_2s.csv
182,utah_2019__FORGE_78-32_iDASv3-P11_UTC190427180553,utah_2019,utah_2019,utah_2019_2,event,1,/home/ted1204/MS_Detection_Datamaker/MS_datamaker_UTAH_2019/data/event/FORGE_78-32_iDASv3-P11_UTC190427180553.sgy,FORGE_78-32_iDASv3-P11_UTC190427180553.sgy,FORGE_78-32_iDASv3-P11_UTC190427180553,24.0,26.0,273,678,1000.0,utah_upper_labels_2s.csv
183,utah_2019__FORGE_78-32_iDASv3-P11_UTC190427180553,utah_2019,utah_2019,utah_2019_2,event,1,/home/ted1204/MS_Detection_Datamaker/MS_datamaker_UTAH_2019/data/event/FORGE_78-32_iDASv3-P11_UTC190427180553.sgy,FORGE_78-32_iDASv3-P11_UTC190427180553.sgy,FORGE_78-32_iDASv3-P11_UTC190427180553,25.0,27.0,273,678,1000.0,utah_upper_labels_2s.csv
184,utah_2019__FORGE_78-32_iDASv3-P11_UTC190427195423,utah_2019,utah_2019,utah_2019_2,event,1,/home/ted1204/MS_Detection_Datamaker/MS_datamaker_UTAH_2019/data/event/FORGE_78-32_iDASv3-P11_UTC190427195423.sgy,FORGE_78-32_iDASv3-P11_UTC190427195423.sgy,FORGE_78-32_iDASv3-P11_UTC190427195423,14.0,16.0,273,678,1000.0,utah_upper_labels_2s.csv
185,utah_2019__FORGE_78-32_iDASv3-P11_UTC190427195423,utah_2019,utah_2019,utah_2019_2,event,1,/home/ted1204/MS_Detection_Datamaker/MS_datamaker_UTAH_2019/data/event/FORGE_78-32_iDASv3-P11_UTC190427195423.sgy,FORGE_78-32_iDASv3-P11_UTC190427195423.sgy,FORGE_78-32_iDASv3-P11_UTC190427195423,15.0,17.0,273,678,1000.0,utah_upper_labels_2s.csv
186,utah_2019__FORGE_78-32_iDASv3-P11_UTC190427195753,utah_2019,utah_2019,utah_2019_2,event,1,/home/ted1204/MS_Detection_Datamaker/MS_datamaker_UTAH_2019/data/event/FORGE_78-32_iDASv3-P11_UTC190427195753.sgy,FORGE_78-32_iDASv3-P11_UTC190427195753.sgy,FORGE_78-32_iDASv3-P11_UTC190427195753,16.0,18.0,273,678,1000.0,utah_upper_labels_2s.csv
187,utah_2019__FORGE_78-32_iDASv3-P11_UTC190427195753,utah_2019,utah_2019,utah_2019_2,event,1,/home/ted1204/MS_Detection_Datamaker/MS_datamaker_UTAH_2019/data/event/FORGE_78-32_iDASv3-P11_UTC190427195753.sgy,FORGE_78-32_iDASv3-P11_UTC190427195753.sgy,FORGE_78-32_iDASv3-P11_UTC190427195753,17.0,19.0,273,678,1000.0,utah_upper_labels_2s.csv
188,utah_2019__FORGE_78-32_iDASv3-P11_UTC190427195753,utah_2019,utah_2019,utah_2019_2,event,1,/home/ted1204/MS_Detection_Datamaker/MS_datamaker_UTAH_2019/data/event/FORGE_78-32_iDASv3-P11_UTC190427195753.sgy,FORGE_78-32_iDASv3-P11_UTC190427195753.sgy,FORGE_78-32_iDASv3-P11_UTC190427195753,18.0,20.0,273,678,1000.0,utah_upper_labels_2s.csv
189,utah_2019__FORGE_78-32_iDASv3-P11_UTC190427202053,utah_2019,utah_2019,utah_2019_2,event,1,/home/ted1204/MS_Detection_Datamaker/MS_datamaker_UTAH_2019/data/event/FORGE_78-32_iDASv3-P11_UTC190427202053.sgy,FORGE_78-32_iDASv3-P11_UTC190427202053.sgy,FORGE_78-32_iDASv3-P11_UTC190427202053,8.0,10.0,273,678,1000.0,utah_upper_labels_2s.csv
190,utah_2019__FORGE_78-32_iDASv3-P11_UTC190427202053,utah_2019,utah_2019,utah_2019_2,event,1,/home/ted1204/MS_Detection_Datamaker/MS_datamaker_UTAH_2019/data/event/FORGE_78-32_iDASv3-P11_UTC190427202053.sgy,FORGE_78-32_iDASv3-P11_UTC190427202053.sgy,FORGE_78-32_iDASv3-P11_UTC190427202053,9.0,11.0,273,678,1000.0,utah_upper_labels_2s.csv
191,utah_2019__FORGE_78-32_iDASv3-P11_UTC190427202053,utah_2019,utah_2019,utah_2019_2,event,1,/home/ted1204/MS_Detection_Datamaker/MS_datamaker_UTAH_2019/data/event/FORGE_78-32_iDASv3-P11_UTC190427202053.sgy,FORGE_78-32_iDASv3-P11_UTC190427202053.sgy,FORGE_78-32_iDASv3-P11_UTC190427202053,10.0,12.0,273,678,1000.0,utah_upper_labels_2s.csv
192,utah_2019__FORGE_78-32_iDASv3-P11_UTC190427204208,utah_2019,utah_2019,utah_2019_2,event,1,/home/ted1204/MS_Detection_Datamaker/MS_datamaker_UTAH_2019/data/event/FORGE_78-32_iDASv3-P11_UTC190427204208.sgy,FORGE_78-32_iDASv3-P11_UTC190427204208.sgy,FORGE_78-32_iDASv3-P11_UTC190427204208,10.0,12.0,273,678,1000.0,utah_upper_labels_2s.csv
193,utah_2019__FORGE_78-32_iDASv3-P11_UTC190427204208,utah_2019,utah_2019,utah_2019_2,event,1,/home/ted1204/MS_Detection_Datamaker/MS_datamaker_UTAH_2019/data/event/FORGE_78-32_iDASv3-P11_UTC190427204208.sgy,FORGE_78-32_iDASv3-P11_UTC190427204208.sgy,FORGE_78-32_iDASv3-P11_UTC190427204208,11.0,13.0,273,678,1000.0,utah_upper_labels_2s.csv
194,utah_2019__FORGE_78-32_iDASv3-P11_UTC190427204208,utah_2019,utah_2019,utah_2019_2,event,1,/home/ted1204/MS_Detection_Datamaker/MS_datamaker_UTAH_2019/data/event/FORGE_78-32_iDASv3-P11_UTC190427204208.sgy,FORGE_78-32_iDASv3-P11_UTC190427204208.sgy,FORGE_78-32_iDASv3-P11_UTC190427204208,12.0,14.0,273,678,1000.0,utah_upper_labels_2s.csv
195,utah_2019__FORGE_78-32_iDASv3-P11_UTC190428154253,utah_2019,utah_2019,utah_2019_2,event,1,/home/ted1204/MS_Detection_Datamaker/MS_datamaker_UTAH_2019/data/event/FORGE_78-32_iDASv3-P11_UTC190428154253.sgy,FORGE_78-32_iDASv3-P11_UTC190428154253.sgy,FORGE_78-32_iDASv3-P11_UTC190428154253,12.0,14.0,273,678,1000.0,utah_upper_labels_2s.csv
196,utah_2019__FORGE_78-32_iDASv3-P11_UTC190428154253,utah_2019,utah_2019,utah_2019_2,event,1,/home/ted1204/MS_Detection_Datamaker/MS_datamaker_UTAH_2019/data/event/FORGE_78-32_iDASv3-P11_UTC190428154253.sgy,FORGE_78-32_iDASv3-P11_UTC190428154253.sgy,FORGE_78-32_iDASv3-P11_UTC190428154253,13.0,15.0,273,678,1000.0,utah_upper_labels_2s.csv
197,utah_2019__FORGE_78-32_iDASv3-P11_UTC190428154253,utah_2019,utah_2019,utah_2019_2,event,1,/home/ted1204/MS_Detection_Datamaker/MS_datamaker_UTAH_2019/data/event/FORGE_78-32_iDASv3-P11_UTC190428154253.sgy,FORGE_78-32_iDASv3-P11_UTC190428154253.sgy,FORGE_78-32_iDASv3-P11_UTC190428154253,14.0,16.0,273,678,1000.0,utah_upper_labels_2s.csv
198,utah_2019__FORGE_78-32_iDASv3-P11_UTC190428154253,utah_2019,utah_2019,utah_2019_2,event,1,/home/ted1204/MS_Detection_Datamaker/MS_datamaker_UTAH_2019/data/event/FORGE_78-32_iDASv3-P11_UTC190428154253.sgy,FORGE_78-32_iDASv3-P11_UTC190428154253.sgy,FORGE_78-32_iDASv3-P11_UTC190428154253,15.0,17.0,273,678,1000.0,utah_upper_labels_2s.csv
199,utah_2019__FORGE_78-32_iDASv3-P11_UTC190428154253,utah_2019,utah_2019,utah_2019_2,event,1,/home/ted1204/MS_Detection_Datamaker/MS_datamaker_UTAH_2019/data/event/FORGE_78-32_iDASv3-P11_UTC190428154253.sgy,FORGE_78-32_iDASv3-P11_UTC190428154253.sgy,FORGE_78-32_iDASv3-P11_UTC190428154253,16.0,18.0,273,678,1000.0,utah_upper_labels_2s.csv
200,utah_2019__FORGE_78-32_iDASv3-P11_UTC190428161138,utah_2019,utah_2019,utah_2019_2,event,1,/home/ted1204/MS_Detection_Datamaker/MS_datamaker_UTAH_2019/data/event/FORGE_78-32_iDASv3-P11_UTC190428161138.sgy,FORGE_78-32_iDASv3-P11_UTC190428161138.sgy,FORGE_78-32_iDASv3-P11_UTC190428161138,22.0,24.0,273,678,1000.0,utah_upper_labels_2s.csv
201,utah_2019__FORGE_78-32_iDASv3-P11_UTC190428161138,utah_2019,utah_2019,utah_2019_2,event,1,/home/ted1204/MS_Detection_Datamaker/MS_datamaker_UTAH_2019/data/event/FORGE_78-32_iDASv3-P11_UTC190428161138.sgy,FORGE_78-32_iDASv3-P11_UTC190428161138.sgy,FORGE_78-32_iDASv3-P11_UTC190428161138,23.0,25.0,273,678,1000.0,utah_upper_labels_2s.csv
202,utah_2019__FORGE_78-32_iDASv3-P11_UTC190428161238,utah_2019,utah_2019,utah_2019_2,event,1,/home/ted1204/MS_Detection_Datamaker/MS_datamaker_UTAH_2019/data/event/FORGE_78-32_iDASv3-P11_UTC190428161238.sgy,FORGE_78-32_iDASv3-P11_UTC190428161238.sgy,FORGE_78-32_iDASv3-P11_UTC190428161238,0.0,2.0,273,678,1000.0,utah_upper_labels_2s.csv
203,utah_2019__FORGE_78-32_iDASv3-P11_UTC190428161238,utah_2019,utah_2019,utah_2019_2,event,1,/home/ted1204/MS_Detection_Datamaker/MS_datamaker_UTAH_2019/data/event/FORGE_78-32_iDASv3-P11_UTC190428161238.sgy,FORGE_78-32_iDASv3-P11_UTC190428161238.sgy,FORGE_78-32_iDASv3-P11_UTC190428161238,1.0,3.0,273,678,1000.0,utah_upper_labels_2s.csv
204,utah_2019__FORGE_78-32_iDASv3-P11_UTC190428162223,utah_2019,utah_2019,utah_2019_2,event,1,/home/ted1204/MS_Detection_Datamaker/MS_datamaker_UTAH_2019/data/event/FORGE_78-32_iDASv3-P11_UTC190428162223.sgy,FORGE_78-32_iDASv3-P11_UTC190428162223.sgy,FORGE_78-32_iDASv3-P11_UTC190428162223,26.0,28.0,273,678,1000.0,utah_upper_labels_2s.csv
205,utah_2019__FORGE_78-32_iDASv3-P11_UTC190428162223,utah_2019,utah_2019,utah_2019_2,event,1,/home/ted1204/MS_Detection_Datamaker/MS_datamaker_UTAH_2019/data/event/FORGE_78-32_iDASv3-P11_UTC190428162223.sgy,FORGE_78-32_iDASv3-P11_UTC190428162223.sgy,FORGE_78-32_iDASv3-P11_UTC190428162223,27.0,29.0,273,678,1000.0,utah_upper_labels_2s.csv
206,utah_2019__FORGE_78-32_iDASv3-P11_UTC190428162223,utah_2019,utah_2019,utah_2019_2,event,1,/home/ted1204/MS_Detection_Datamaker/MS_datamaker_UTAH_2019/data/event/FORGE_78-32_iDASv3-P11_UTC190428162223.sgy,FORGE_78-32_iDASv3-P11_UTC190428162223.sgy,FORGE_78-32_iDASv3-P11_UTC190428162223,28.0,30.0,273,678,1000.0,utah_upper_labels_2s.csv
