dataset_id,site,view,file_path,file_name,file_stem,ext,group_id,original_fs,ch_start,ch_end
utah_2023,utah_2023,utah_2023,/home/ted1204/MS_Detection_Datamaker/MS_datamaker_UTAH_2023/data/event_2417/RAW_20230719_014658.140.sgy,RAW_20230719_014658.140.sgy,RAW_20230719_014658.140,.sgy,utah_2023__RAW_20230719_014658.140,1000.0,400,805
utah_2023,utah_2023,utah_2023,/home/ted1204/MS_Detection_Datamaker/MS_datamaker_UTAH_2023/data/event_2417/RAW_20230719_015052.760.sgy,RAW_20230719_015052.760.sgy,RAW_20230719_015052.760,.sgy,utah_2023__RAW_20230719_015052.760,1000.0,400,805
utah_2023,utah_2023,utah_2023,/home/ted1204/MS_Detection_Datamaker/MS_datamaker_UTAH_2023/data/event_2417/RAW_20230719_015140.420.sgy,RAW_20230719_015140.420.sgy,RAW_20230719_015140.420,.sgy,utah_2023__RAW_20230719_015140.420,1000.0,400,805
utah_2023,utah_2023,utah_2023,/home/ted1204/MS_Detection_Datamaker/MS_datamaker_UTAH_2023/data/event_2417/RAW_20230719_021049.840.sgy,RAW_20230719_021049.840.sgy,RAW_20230719_021049.840,.sgy,utah_2023__RAW_20230719_021049.840,1000.0,400,805
utah_2023,utah_2023,utah_2023,/home/ted1204/MS_Detection_Datamaker/MS_datamaker_UTAH_2023/data/event_2417/RAW_20230719_021757.860.sgy,RAW_20230719_021757.860.sgy,RAW_20230719_021757.860,.sgy,utah_2023__RAW_20230719_021757.860,1000.0,400,805
utah_2023,utah_2023,utah_2023,/home/ted1204/MS_Detection_Datamaker/MS_datamaker_UTAH_2023/data/event_2417/RAW_20230719_022127.800.sgy,RAW_20230719_022127.800.sgy,RAW_20230719_022127.800,.sgy,utah_2023__RAW_20230719_022127.800,1000.0,400,805
utah_2023,utah_2023,utah_2023,/home/ted1204/MS_Detection_Datamaker/MS_datamaker_UTAH_2023/data/event_2417/RAW_20230719_022252.220.sgy,RAW_20230719_022252.220.sgy,RAW_20230719_022252.220,.sgy,utah_2023__RAW_20230719_022252.220,1000.0,400,805
utah_2023,utah_2023,utah_2023,/home/ted1204/MS_Detection_Datamaker/MS_datamaker_UTAH_2023/data/event_2417/RAW_20230719_023754.260.sgy,RAW_20230719_023754.260.sgy,RAW_20230719_023754.260,.sgy,utah_2023__RAW_20230719_023754.260,1000.0,400,805
utah_2023,utah_2023,utah_2023,/home/ted1204/MS_Detection_Datamaker/MS_datamaker_UTAH_2023/data/event_2417/RAW_20230719_025343.140.sgy,RAW_20230719_025343.140.sgy,RAW_20230719_025343.140,.sgy,utah_2023__RAW_20230719_025343.140,1000.0,400,805
utah_2023,utah_2023,utah_2023,/home/ted1204/MS_Detection_Datamaker/MS_datamaker_UTAH_2023/data/event_2417/RAW_20230719_025648.380.sgy,RAW_20230719_025648.380.sgy,RAW_20230719_025648.380,.sgy,utah_2023__RAW_20230719_025648.380,1000.0,400,805
utah_2023,utah_2023,utah_2023,/home/ted1204/MS_Detection_Datamaker/MS_datamaker_UTAH_2023/data/event_2417/RAW_20230719_025836.060.sgy,RAW_20230719_025836.060.sgy,RAW_20230719_025836.060,.sgy,utah_2023__RAW_20230719_025836.060,1000.0,400,805
utah_2023,utah_2023,utah_2023,/home/ted1204/MS_Detection_Datamaker/MS_datamaker_UTAH_2023/data/event_2417/RAW_20230719_025842.080.sgy,RAW_20230719_025842.080.sgy,RAW_20230719_025842.080,.sgy,utah_2023__RAW_20230719_025842.080,1000.0,400,805
utah_2023,utah_2023,utah_2023,/home/ted1204/MS_Detection_Datamaker/MS_datamaker_UTAH_2023/data/event_2417/RAW_20230719_030249.180.sgy,RAW_20230719_030249.180.sgy,RAW_20230719_030249.180,.sgy,utah_2023__RAW_20230719_030249.180,1000.0,400,805
utah_2023,utah_2023,utah_2023,/home/ted1204/MS_Detection_Datamaker/MS_datamaker_UTAH_2023/data/event_2417/RAW_20230719_030929.320.sgy,RAW_20230719_030929.320.sgy,RAW_20230719_030929.320,.sgy,utah_2023__RAW_20230719_030929.320,1000.0,400,805
utah_2023,utah_2023,utah_2023,/home/ted1204/MS_Detection_Datamaker/MS_datamaker_UTAH_2023/data/event_2417/RAW_20230719_030953.040.sgy,RAW_20230719_030953.040.sgy,RAW_20230719_030953.040,.sgy,utah_2023__RAW_20230719_030953.040,1000.0,400,805
utah_2023,utah_2023,utah_2023,/home/ted1204/MS_Detection_Datamaker/MS_datamaker_UTAH_2023/data/event_2417/RAW_20230719_031236.560.sgy,RAW_20230719_031236.560.sgy,RAW_20230719_031236.560,.sgy,utah_2023__RAW_20230719_031236.560,1000.0,400,805
utah_2023,utah_2023,utah_2023,/home/ted1204/MS_Detection_Datamaker/MS_datamaker_UTAH_2023/data/event_2417/RAW_20230719_031715.160.sgy,RAW_20230719_031715.160.sgy,RAW_20230719_031715.160,.sgy,utah_2023__RAW_20230719_031715.160,1000.0,400,805
utah_2023,utah_2023,utah_2023,/home/ted1204/MS_Detection_Datamaker/MS_datamaker_UTAH_2023/data/event_2417/RAW_20230719_031752.460.sgy,RAW_20230719_031752.460.sgy,RAW_20230719_031752.460,.sgy,utah_2023__RAW_20230719_031752.460,1000.0,400,805
utah_2023,utah_2023,utah_2023,/home/ted1204/MS_Detection_Datamaker/MS_datamaker_UTAH_2023/data/event_2417/RAW_20230719_032930.400.sgy,RAW_20230719_032930.400.sgy,RAW_20230719_032930.400,.sgy,utah_2023__RAW_20230719_032930.400,1000.0,400,805
utah_2023,utah_2023,utah_2023,/home/ted1204/MS_Detection_Datamaker/MS_datamaker_UTAH_2023/data/event_2417/RAW_20230719_032951.960.sgy,RAW_20230719_032951.960.sgy,RAW_20230719_032951.960,.sgy,utah_2023__RAW_20230719_032951.960,1000.0,400,805
utah_2023,utah_2023,utah_2023,/home/ted1204/MS_Detection_Datamaker/MS_datamaker_UTAH_2023/data/event_2417/RAW_20230719_034045.220.sgy,RAW_20230719_034045.220.sgy,RAW_20230719_034045.220,.sgy,utah_2023__RAW_20230719_034045.220,1000.0,400,805
utah_2023,utah_2023,utah_2023,/home/ted1204/MS_Detection_Datamaker/MS_datamaker_UTAH_2023/data/event_2417/RAW_20230719_034908.440.sgy,RAW_20230719_034908.440.sgy,RAW_20230719_034908.440,.sgy,utah_2023__RAW_20230719_034908.440,1000.0,400,805
utah_2023,utah_2023,utah_2023,/home/ted1204/MS_Detection_Datamaker/MS_datamaker_UTAH_2023/data/event_2417/RAW_20230719_034956.660.sgy,RAW_20230719_034956.660.sgy,RAW_20230719_034956.660,.sgy,utah_2023__RAW_20230719_034956.660,1000.0,400,805
utah_2023,utah_2023,utah_2023,/home/ted1204/MS_Detection_Datamaker/MS_datamaker_UTAH_2023/data/event_2417/RAW_20230719_035325.460.sgy,RAW_20230719_035325.460.sgy,RAW_20230719_035325.460,.sgy,utah_2023__RAW_20230719_035325.460,1000.0,400,805
utah_2023,utah_2023,utah_2023,/home/ted1204/MS_Detection_Datamaker/MS_datamaker_UTAH_2023/data/event_2417/RAW_20230719_035436.600.sgy,RAW_20230719_035436.600.sgy,RAW_20230719_035436.600,.sgy,utah_2023__RAW_20230719_035436.600,1000.0,400,805
utah_2023,utah_2023,utah_2023,/home/ted1204/MS_Detection_Datamaker/MS_datamaker_UTAH_2023/data/event_2417/RAW_20230719_035957.680.sgy,RAW_20230719_035957.680.sgy,RAW_20230719_035957.680,.sgy,utah_2023__RAW_20230719_035957.680,1000.0,400,805
utah_2023,utah_2023,utah_2023,/home/ted1204/MS_Detection_Datamaker/MS_datamaker_UTAH_2023/data/event_2417/RAW_20230719_040051.760.sgy,RAW_20230719_040051.760.sgy,RAW_20230719_040051.760,.sgy,utah_2023__RAW_20230719_040051.760,1000.0,400,805
utah_2023,utah_2023,utah_2023,/home/ted1204/MS_Detection_Datamaker/MS_datamaker_UTAH_2023/data/event_2417/RAW_20230719_040055.300.sgy,RAW_20230719_040055.300.sgy,RAW_20230719_040055.300,.sgy,utah_2023__RAW_20230719_040055.300,1000.0,400,805
utah_2023,utah_2023,utah_2023,/home/ted1204/MS_Detection_Datamaker/MS_datamaker_UTAH_2023/data/event_2417/RAW_20230719_040116.080.sgy,RAW_20230719_040116.080.sgy,RAW_20230719_040116.080,.sgy,utah_2023__RAW_20230719_040116.080,1000.0,400,805
utah_2023,utah_2023,utah_2023,/home/ted1204/MS_Detection_Datamaker/MS_datamaker_UTAH_2023/data/event_2417/RAW_20230719_040132.780.sgy,RAW_20230719_040132.780.sgy,RAW_20230719_040132.780,.sgy,utah_2023__RAW_20230719_040132.780,1000.0,400,805
utah_2023,utah_2023,utah_2023,/home/ted1204/MS_Detection_Datamaker/MS_datamaker_UTAH_2023/data/event_2417/RAW_20230719_040153.740.sgy,RAW_20230719_040153.740.sgy,RAW_20230719_040153.740,.sgy,utah_2023__RAW_20230719_040153.740,1000.0,400,805
utah_2023,utah_2023,utah_2023,/home/ted1204/MS_Detection_Datamaker/MS_datamaker_UTAH_2023/data/event_2417/RAW_20230719_040253.400.sgy,RAW_20230719_040253.400.sgy,RAW_20230719_040253.400,.sgy,utah_2023__RAW_20230719_040253.400,1000.0,400,805
utah_2023,utah_2023,utah_2023,/home/ted1204/MS_Detection_Datamaker/MS_datamaker_UTAH_2023/data/event_2417/RAW_20230719_040433.560.sgy,RAW_20230719_040433.560.sgy,RAW_20230719_040433.560,.sgy,utah_2023__RAW_20230719_040433.560,1000.0,400,805
utah_2023,utah_2023,utah_2023,/home/ted1204/MS_Detection_Datamaker/MS_datamaker_UTAH_2023/data/event_2417/RAW_20230719_041155.580.sgy,RAW_20230719_041155.580.sgy,RAW_20230719_041155.580,.sgy,utah_2023__RAW_20230719_041155.580,1000.0,400,805
utah_2023,utah_2023,utah_2023,/home/ted1204/MS_Detection_Datamaker/MS_datamaker_UTAH_2023/data/event_2417/RAW_20230719_041343.440.sgy,RAW_20230719_041343.440.sgy,RAW_20230719_041343.440,.sgy,utah_2023__RAW_20230719_041343.440,1000.0,400,805
utah_2023,utah_2023,utah_2023,/home/ted1204/MS_Detection_Datamaker/MS_datamaker_UTAH_2023/data/event_2417/RAW_20230719_041710.280.sgy,RAW_20230719_041710.280.sgy,RAW_20230719_041710.280,.sgy,utah_2023__RAW_20230719_041710.280,1000.0,400,805
utah_2023,utah_2023,utah_2023,/home/ted1204/MS_Detection_Datamaker/MS_datamaker_UTAH_2023/data/event_2417/RAW_20230719_042002.020.sgy,RAW_20230719_042002.020.sgy,RAW_20230719_042002.020,.sgy,utah_2023__RAW_20230719_042002.020,1000.0,400,805
utah_2023,utah_2023,utah_2023,/home/ted1204/MS_Detection_Datamaker/MS_datamaker_UTAH_2023/data/event_2417/RAW_20230719_042006.560.sgy,RAW_20230719_042006.560.sgy,RAW_20230719_042006.560,.sgy,utah_2023__RAW_20230719_042006.560,1000.0,400,805
utah_2023,utah_2023,utah_2023,/home/ted1204/MS_Detection_Datamaker/MS_datamaker_UTAH_2023/data/event_2417/RAW_20230719_043103.860.sgy,RAW_20230719_043103.860.sgy,RAW_20230719_043103.860,.sgy,utah_2023__RAW_20230719_043103.860,1000.0,400,805
utah_2023,utah_2023,utah_2023,/home/ted1204/MS_Detection_Datamaker/MS_datamaker_UTAH_2023/data/event_2417/RAW_20230719_043105.320.sgy,RAW_20230719_043105.320.sgy,RAW_20230719_043105.320,.sgy,utah_2023__RAW_20230719_043105.320,1000.0,400,805
utah_2023,utah_2023,utah_2023,/home/ted1204/MS_Detection_Datamaker/MS_datamaker_UTAH_2023/data/event_2417/RAW_20230719_043406.020.sgy,RAW_20230719_043406.020.sgy,RAW_20230719_043406.020,.sgy,utah_2023__RAW_20230719_043406.020,1000.0,400,805
utah_2023,utah_2023,utah_2023,/home/ted1204/MS_Detection_Datamaker/MS_datamaker_UTAH_2023/data/event_2417/RAW_20230719_044426.140.sgy,RAW_20230719_044426.140.sgy,RAW_20230719_044426.140,.sgy,utah_2023__RAW_20230719_044426.140,1000.0,400,805
utah_2023,utah_2023,utah_2023,/home/ted1204/MS_Detection_Datamaker/MS_datamaker_UTAH_2023/data/event_2417/RAW_20230719_044547.400.sgy,RAW_20230719_044547.400.sgy,RAW_20230719_044547.400,.sgy,utah_2023__RAW_20230719_044547.400,1000.0,400,805
utah_2023,utah_2023,utah_2023,/home/ted1204/MS_Detection_Datamaker/MS_datamaker_UTAH_2023/data/event_2417/RAW_20230719_050147.540.sgy,RAW_20230719_050147.540.sgy,RAW_20230719_050147.540,.sgy,utah_2023__RAW_20230719_050147.540,1000.0,400,805
utah_2023,utah_2023,utah_2023,/home/ted1204/MS_Detection_Datamaker/MS_datamaker_UTAH_2023/data/event_2417/RAW_20230719_051004.980.sgy,RAW_20230719_051004.980.sgy,RAW_20230719_051004.980,.sgy,utah_2023__RAW_20230719_051004.980,1000.0,400,805
utah_2023,utah_2023,utah_2023,/home/ted1204/MS_Detection_Datamaker/MS_datamaker_UTAH_2023/data/event_2417/RAW_20230719_051543.780.sgy,RAW_20230719_051543.780.sgy,RAW_20230719_051543.780,.sgy,utah_2023__RAW_20230719_051543.780,1000.0,400,805
utah_2023,utah_2023,utah_2023,/home/ted1204/MS_Detection_Datamaker/MS_datamaker_UTAH_2023/data/event_2417/RAW_20230719_051730.040.sgy,RAW_20230719_051730.040.sgy,RAW_20230719_051730.040,.sgy,utah_2023__RAW_20230719_051730.040,1000.0,400,805
utah_2023,utah_2023,utah_2023,/home/ted1204/MS_Detection_Datamaker/MS_datamaker_UTAH_2023/data/event_2417/RAW_20230719_052359.820.sgy,RAW_20230719_052359.820.sgy,RAW_20230719_052359.820,.sgy,utah_2023__RAW_20230719_052359.820,1000.0,400,805
utah_2023,utah_2023,utah_2023,/home/ted1204/MS_Detection_Datamaker/MS_datamaker_UTAH_2023/data/event_2417/RAW_20230719_054509.880.sgy,RAW_20230719_054509.880.sgy,RAW_20230719_054509.880,.sgy,utah_2023__RAW_20230719_054509.880,1000.0,400,805
utah_2023,utah_2023,utah_2023,/home/ted1204/MS_Detection_Datamaker/MS_datamaker_UTAH_2023/data/event_2417/RAW_20230719_055455.600.sgy,RAW_20230719_055455.600.sgy,RAW_20230719_055455.600,.sgy,utah_2023__RAW_20230719_055455.600,1000.0,400,805
utah_2023,utah_2023,utah_2023,/home/ted1204/MS_Detection_Datamaker/MS_datamaker_UTAH_2023/data/event_2417/RAW_20230719_055501.740.sgy,RAW_20230719_055501.740.sgy,RAW_20230719_055501.740,.sgy,utah_2023__RAW_20230719_055501.740,1000.0,400,805
utah_2023,utah_2023,utah_2023,/home/ted1204/MS_Detection_Datamaker/MS_datamaker_UTAH_2023/data/event_2417/RAW_20230719_055911.380.sgy,RAW_20230719_055911.380.sgy,RAW_20230719_055911.380,.sgy,utah_2023__RAW_20230719_055911.380,1000.0,400,805
utah_2023,utah_2023,utah_2023,/home/ted1204/MS_Detection_Datamaker/MS_datamaker_UTAH_2023/data/event_2417/RAW_20230719_060005.780.sgy,RAW_20230719_060005.780.sgy,RAW_20230719_060005.780,.sgy,utah_2023__RAW_20230719_060005.780,1000.0,400,805
utah_2023,utah_2023,utah_2023,/home/ted1204/MS_Detection_Datamaker/MS_datamaker_UTAH_2023/data/event_2417/RAW_20230719_060022.840.sgy,RAW_20230719_060022.840.sgy,RAW_20230719_060022.840,.sgy,utah_2023__RAW_20230719_060022.840,1000.0,400,805
utah_2023,utah_2023,utah_2023,/home/ted1204/MS_Detection_Datamaker/MS_datamaker_UTAH_2023/data/event_2417/RAW_20230719_060125.060.sgy,RAW_20230719_060125.060.sgy,RAW_20230719_060125.060,.sgy,utah_2023__RAW_20230719_060125.060,1000.0,400,805
utah_2023,utah_2023,utah_2023,/home/ted1204/MS_Detection_Datamaker/MS_datamaker_UTAH_2023/data/event_2417/RAW_20230719_061531.020.sgy,RAW_20230719_061531.020.sgy,RAW_20230719_061531.020,.sgy,utah_2023__RAW_20230719_061531.020,1000.0,400,805
utah_2023,utah_2023,utah_2023,/home/ted1204/MS_Detection_Datamaker/MS_datamaker_UTAH_2023/data/event_2417/RAW_20230719_062035.920.sgy,RAW_20230719_062035.920.sgy,RAW_20230719_062035.920,.sgy,utah_2023__RAW_20230719_062035.920,1000.0,400,805
utah_2023,utah_2023,utah_2023,/home/ted1204/MS_Detection_Datamaker/MS_datamaker_UTAH_2023/data/event_2417/RAW_20230719_062247.120.sgy,RAW_20230719_062247.120.sgy,RAW_20230719_062247.120,.sgy,utah_2023__RAW_20230719_062247.120,1000.0,400,805
utah_2023,utah_2023,utah_2023,/home/ted1204/MS_Detection_Datamaker/MS_datamaker_UTAH_2023/data/event_2417/RAW_20230719_064141.680.sgy,RAW_20230719_064141.680.sgy,RAW_20230719_064141.680,.sgy,utah_2023__RAW_20230719_064141.680,1000.0,400,805
utah_2023,utah_2023,utah_2023,/home/ted1204/MS_Detection_Datamaker/MS_datamaker_UTAH_2023/data/event_2417/RAW_20230719_064205.660.sgy,RAW_20230719_064205.660.sgy,RAW_20230719_064205.660,.sgy,utah_2023__RAW_20230719_064205.660,1000.0,400,805
utah_2023,utah_2023,utah_2023,/home/ted1204/MS_Detection_Datamaker/MS_datamaker_UTAH_2023/data/event_2417/RAW_20230719_064501.860.sgy,RAW_20230719_064501.860.sgy,RAW_20230719_064501.860,.sgy,utah_2023__RAW_20230719_064501.860,1000.0,400,805
utah_2023,utah_2023,utah_2023,/home/ted1204/MS_Detection_Datamaker/MS_datamaker_UTAH_2023/data/event_2417/RAW_20230719_064853.660.sgy,RAW_20230719_064853.660.sgy,RAW_20230719_064853.660,.sgy,utah_2023__RAW_20230719_064853.660,1000.0,400,805
utah_2023,utah_2023,utah_2023,/home/ted1204/MS_Detection_Datamaker/MS_datamaker_UTAH_2023/data/event_2417/RAW_20230719_065306.860.sgy,RAW_20230719_065306.860.sgy,RAW_20230719_065306.860,.sgy,utah_2023__RAW_20230719_065306.860,1000.0,400,805
utah_2023,utah_2023,utah_2023,/home/ted1204/MS_Detection_Datamaker/MS_datamaker_UTAH_2023/data/event_2417/RAW_20230719_065523.560.sgy,RAW_20230719_065523.560.sgy,RAW_20230719_065523.560,.sgy,utah_2023__RAW_20230719_065523.560,1000.0,400,805
utah_2023,utah_2023,utah_2023,/home/ted1204/MS_Detection_Datamaker/MS_datamaker_UTAH_2023/data/event_2417/RAW_20230719_065900.780.sgy,RAW_20230719_065900.780.sgy,RAW_20230719_065900.780,.sgy,utah_2023__RAW_20230719_065900.780,1000.0,400,805
utah_2023,utah_2023,utah_2023,/home/ted1204/MS_Detection_Datamaker/MS_datamaker_UTAH_2023/data/event_2417/RAW_20230719_070140.740.sgy,RAW_20230719_070140.740.sgy,RAW_20230719_070140.740,.sgy,utah_2023__RAW_20230719_070140.740,1000.0,400,805
utah_2023,utah_2023,utah_2023,/home/ted1204/MS_Detection_Datamaker/MS_datamaker_UTAH_2023/data/event_2417/RAW_20230719_070535.980.sgy,RAW_20230719_070535.980.sgy,RAW_20230719_070535.980,.sgy,utah_2023__RAW_20230719_070535.980,1000.0,400,805
utah_2023,utah_2023,utah_2023,/home/ted1204/MS_Detection_Datamaker/MS_datamaker_UTAH_2023/data/event_2417/RAW_20230719_071705.740.sgy,RAW_20230719_071705.740.sgy,RAW_20230719_071705.740,.sgy,utah_2023__RAW_20230719_071705.740,1000.0,400,805
utah_2023,utah_2023,utah_2023,/home/ted1204/MS_Detection_Datamaker/MS_datamaker_UTAH_2023/data/event_2417/RAW_20230719_071903.640.sgy,RAW_20230719_071903.640.sgy,RAW_20230719_071903.640,.sgy,utah_2023__RAW_20230719_071903.640,1000.0,400,805
utah_2023,utah_2023,utah_2023,/home/ted1204/MS_Detection_Datamaker/MS_datamaker_UTAH_2023/data/event_2417/RAW_20230719_071905.740.sgy,RAW_20230719_071905.740.sgy,RAW_20230719_071905.740,.sgy,utah_2023__RAW_20230719_071905.740,1000.0,400,805
utah_2023,utah_2023,utah_2023,/home/ted1204/MS_Detection_Datamaker/MS_datamaker_UTAH_2023/data/event_2417/RAW_20230719_072348.880.sgy,RAW_20230719_072348.880.sgy,RAW_20230719_072348.880,.sgy,utah_2023__RAW_20230719_072348.880,1000.0,400,805
utah_2023,utah_2023,utah_2023,/home/ted1204/MS_Detection_Datamaker/MS_datamaker_UTAH_2023/data/event_2417/RAW_20230719_073441.500.sgy,RAW_20230719_073441.500.sgy,RAW_20230719_073441.500,.sgy,utah_2023__RAW_20230719_073441.500,1000.0,400,805
utah_2023,utah_2023,utah_2023,/home/ted1204/MS_Detection_Datamaker/MS_datamaker_UTAH_2023/data/event_2417/RAW_20230719_073610.580.sgy,RAW_20230719_073610.580.sgy,RAW_20230719_073610.580,.sgy,utah_2023__RAW_20230719_073610.580,1000.0,400,805
utah_2023,utah_2023,utah_2023,/home/ted1204/MS_Detection_Datamaker/MS_datamaker_UTAH_2023/data/event_2417/RAW_20230719_073748.660.sgy,RAW_20230719_073748.660.sgy,RAW_20230719_073748.660,.sgy,utah_2023__RAW_20230719_073748.660,1000.0,400,805
utah_2023,utah_2023,utah_2023,/home/ted1204/MS_Detection_Datamaker/MS_datamaker_UTAH_2023/data/event_2417/RAW_20230719_074647.820.sgy,RAW_20230719_074647.820.sgy,RAW_20230719_074647.820,.sgy,utah_2023__RAW_20230719_074647.820,1000.0,400,805
utah_2023,utah_2023,utah_2023,/home/ted1204/MS_Detection_Datamaker/MS_datamaker_UTAH_2023/data/event_2417/RAW_20230719_074724.340.sgy,RAW_20230719_074724.340.sgy,RAW_20230719_074724.340,.sgy,utah_2023__RAW_20230719_074724.340,1000.0,400,805
utah_2023,utah_2023,utah_2023,/home/ted1204/MS_Detection_Datamaker/MS_datamaker_UTAH_2023/data/event_2417/RAW_20230719_074924.900.sgy,RAW_20230719_074924.900.sgy,RAW_20230719_074924.900,.sgy,utah_2023__RAW_20230719_074924.900,1000.0,400,805
utah_2023,utah_2023,utah_2023,/home/ted1204/MS_Detection_Datamaker/MS_datamaker_UTAH_2023/data/event_2417/RAW_20230719_075003.440.sgy,RAW_20230719_075003.440.sgy,RAW_20230719_075003.440,.sgy,utah_2023__RAW_20230719_075003.440,1000.0,400,805
utah_2023,utah_2023,utah_2023,/home/ted1204/MS_Detection_Datamaker/MS_datamaker_UTAH_2023/data/event_2417/RAW_20230719_075010.100.sgy,RAW_20230719_075010.100.sgy,RAW_20230719_075010.100,.sgy,utah_2023__RAW_20230719_075010.100,1000.0,400,805
utah_2023,utah_2023,utah_2023,/home/ted1204/MS_Detection_Datamaker/MS_datamaker_UTAH_2023/data/event_2417/RAW_20230719_075130.920.sgy,RAW_20230719_075130.920.sgy,RAW_20230719_075130.920,.sgy,utah_2023__RAW_20230719_075130.920,1000.0,400,805
utah_2023,utah_2023,utah_2023,/home/ted1204/MS_Detection_Datamaker/MS_datamaker_UTAH_2023/data/event_2417/RAW_20230719_080627.020.sgy,RAW_20230719_080627.020.sgy,RAW_20230719_080627.020,.sgy,utah_2023__RAW_20230719_080627.020,1000.0,400,805
utah_2023,utah_2023,utah_2023,/home/ted1204/MS_Detection_Datamaker/MS_datamaker_UTAH_2023/data/event_2417/RAW_20230719_080821.520.sgy,RAW_20230719_080821.520.sgy,RAW_20230719_080821.520,.sgy,utah_2023__RAW_20230719_080821.520,1000.0,400,805
utah_2023,utah_2023,utah_2023,/home/ted1204/MS_Detection_Datamaker/MS_datamaker_UTAH_2023/data/event_2417/RAW_20230719_080827.020.sgy,RAW_20230719_080827.020.sgy,RAW_20230719_080827.020,.sgy,utah_2023__RAW_20230719_080827.020,1000.0,400,805
utah_2023,utah_2023,utah_2023,/home/ted1204/MS_Detection_Datamaker/MS_datamaker_UTAH_2023/data/event_2417/RAW_20230719_081128.000.sgy,RAW_20230719_081128.000.sgy,RAW_20230719_081128.000,.sgy,utah_2023__RAW_20230719_081128.000,1000.0,400,805
utah_2023,utah_2023,utah_2023,/home/ted1204/MS_Detection_Datamaker/MS_datamaker_UTAH_2023/data/event_2417/RAW_20230719_081400.440.sgy,RAW_20230719_081400.440.sgy,RAW_20230719_081400.440,.sgy,utah_2023__RAW_20230719_081400.440,1000.0,400,805
utah_2023,utah_2023,utah_2023,/home/ted1204/MS_Detection_Datamaker/MS_datamaker_UTAH_2023/data/event_2417/RAW_20230719_082102.600.sgy,RAW_20230719_082102.600.sgy,RAW_20230719_082102.600,.sgy,utah_2023__RAW_20230719_082102.600,1000.0,400,805
utah_2023,utah_2023,utah_2023,/home/ted1204/MS_Detection_Datamaker/MS_datamaker_UTAH_2023/data/event_2417/RAW_20230719_082154.000.sgy,RAW_20230719_082154.000.sgy,RAW_20230719_082154.000,.sgy,utah_2023__RAW_20230719_082154.000,1000.0,400,805
utah_2023,utah_2023,utah_2023,/home/ted1204/MS_Detection_Datamaker/MS_datamaker_UTAH_2023/data/event_2417/RAW_20230719_083006.100.sgy,RAW_20230719_083006.100.sgy,RAW_20230719_083006.100,.sgy,utah_2023__RAW_20230719_083006.100,1000.0,400,805
utah_2023,utah_2023,utah_2023,/home/ted1204/MS_Detection_Datamaker/MS_datamaker_UTAH_2023/data/event_2417/RAW_20230719_083234.520.sgy,RAW_20230719_083234.520.sgy,RAW_20230719_083234.520,.sgy,utah_2023__RAW_20230719_083234.520,1000.0,400,805
utah_2023,utah_2023,utah_2023,/home/ted1204/MS_Detection_Datamaker/MS_datamaker_UTAH_2023/data/event_2417/RAW_20230719_083622.280.sgy,RAW_20230719_083622.280.sgy,RAW_20230719_083622.280,.sgy,utah_2023__RAW_20230719_083622.280,1000.0,400,805
utah_2023,utah_2023,utah_2023,/home/ted1204/MS_Detection_Datamaker/MS_datamaker_UTAH_2023/data/event_2417/RAW_20230719_083648.200.sgy,RAW_20230719_083648.200.sgy,RAW_20230719_083648.200,.sgy,utah_2023__RAW_20230719_083648.200,1000.0,400,805
utah_2023,utah_2023,utah_2023,/home/ted1204/MS_Detection_Datamaker/MS_datamaker_UTAH_2023/data/event_2417/RAW_20230719_083701.100.sgy,RAW_20230719_083701.100.sgy,RAW_20230719_083701.100,.sgy,utah_2023__RAW_20230719_083701.100,1000.0,400,805
utah_2023,utah_2023,utah_2023,/home/ted1204/MS_Detection_Datamaker/MS_datamaker_UTAH_2023/data/event_2417/RAW_20230719_083850.320.sgy,RAW_20230719_083850.320.sgy,RAW_20230719_083850.320,.sgy,utah_2023__RAW_20230719_083850.320,1000.0,400,805
utah_2023,utah_2023,utah_2023,/home/ted1204/MS_Detection_Datamaker/MS_datamaker_UTAH_2023/data/event_2417/RAW_20230719_084920.980.sgy,RAW_20230719_084920.980.sgy,RAW_20230719_084920.980,.sgy,utah_2023__RAW_20230719_084920.980,1000.0,400,805
utah_2023,utah_2023,utah_2023,/home/ted1204/MS_Detection_Datamaker/MS_datamaker_UTAH_2023/data/event_2417/RAW_20230719_085832.340.sgy,RAW_20230719_085832.340.sgy,RAW_20230719_085832.340,.sgy,utah_2023__RAW_20230719_085832.340,1000.0,400,805
utah_2023,utah_2023,utah_2023,/home/ted1204/MS_Detection_Datamaker/MS_datamaker_UTAH_2023/data/event_2417/RAW_20230719_090023.100.sgy,RAW_20230719_090023.100.sgy,RAW_20230719_090023.100,.sgy,utah_2023__RAW_20230719_090023.100,1000.0,400,805
utah_2023,utah_2023,utah_2023,/home/ted1204/MS_Detection_Datamaker/MS_datamaker_UTAH_2023/data/event_2417/RAW_20230719_090650.840.sgy,RAW_20230719_090650.840.sgy,RAW_20230719_090650.840,.sgy,utah_2023__RAW_20230719_090650.840,1000.0,400,805
utah_2023,utah_2023,utah_2023,/home/ted1204/MS_Detection_Datamaker/MS_datamaker_UTAH_2023/data/event_2417/RAW_20230719_091031.360.sgy,RAW_20230719_091031.360.sgy,RAW_20230719_091031.360,.sgy,utah_2023__RAW_20230719_091031.360,1000.0,400,805
utah_2023,utah_2023,utah_2023,/home/ted1204/MS_Detection_Datamaker/MS_datamaker_UTAH_2023/data/event_2417/RAW_20230719_091100.420.sgy,RAW_20230719_091100.420.sgy,RAW_20230719_091100.420,.sgy,utah_2023__RAW_20230719_091100.420,1000.0,400,805
utah_2023,utah_2023,utah_2023,/home/ted1204/MS_Detection_Datamaker/MS_datamaker_UTAH_2023/data/event_2417/RAW_20230719_091918.440.sgy,RAW_20230719_091918.440.sgy,RAW_20230719_091918.440,.sgy,utah_2023__RAW_20230719_091918.440,1000.0,400,805
utah_2023,utah_2023,utah_2023,/home/ted1204/MS_Detection_Datamaker/MS_datamaker_UTAH_2023/data/event_2417/RAW_20230719_093452.880.sgy,RAW_20230719_093452.880.sgy,RAW_20230719_093452.880,.sgy,utah_2023__RAW_20230719_093452.880,1000.0,400,805
utah_2023,utah_2023,utah_2023,/home/ted1204/MS_Detection_Datamaker/MS_datamaker_UTAH_2023/data/event_2417/RAW_20230719_093502.800.sgy,RAW_20230719_093502.800.sgy,RAW_20230719_093502.800,.sgy,utah_2023__RAW_20230719_093502.800,1000.0,400,805
utah_2023,utah_2023,utah_2023,/home/ted1204/MS_Detection_Datamaker/MS_datamaker_UTAH_2023/data/event_2417/RAW_20230719_093708.280.sgy,RAW_20230719_093708.280.sgy,RAW_20230719_093708.280,.sgy,utah_2023__RAW_20230719_093708.280,1000.0,400,805
utah_2023,utah_2023,utah_2023,/home/ted1204/MS_Detection_Datamaker/MS_datamaker_UTAH_2023/data/event_2417/RAW_20230719_094210.020.sgy,RAW_20230719_094210.020.sgy,RAW_20230719_094210.020,.sgy,utah_2023__RAW_20230719_094210.020,1000.0,400,805
utah_2023,utah_2023,utah_2023,/home/ted1204/MS_Detection_Datamaker/MS_datamaker_UTAH_2023/data/event_2417/RAW_20230719_094846.140.sgy,RAW_20230719_094846.140.sgy,RAW_20230719_094846.140,.sgy,utah_2023__RAW_20230719_094846.140,1000.0,400,805
utah_2023,utah_2023,utah_2023,/home/ted1204/MS_Detection_Datamaker/MS_datamaker_UTAH_2023/data/event_2417/RAW_20230719_095255.020.sgy,RAW_20230719_095255.020.sgy,RAW_20230719_095255.020,.sgy,utah_2023__RAW_20230719_095255.020,1000.0,400,805
utah_2023,utah_2023,utah_2023,/home/ted1204/MS_Detection_Datamaker/MS_datamaker_UTAH_2023/data/event_2417/RAW_20230719_095701.700.sgy,RAW_20230719_095701.700.sgy,RAW_20230719_095701.700,.sgy,utah_2023__RAW_20230719_095701.700,1000.0,400,805
utah_2023,utah_2023,utah_2023,/home/ted1204/MS_Detection_Datamaker/MS_datamaker_UTAH_2023/data/event_2417/RAW_20230719_101049.560.sgy,RAW_20230719_101049.560.sgy,RAW_20230719_101049.560,.sgy,utah_2023__RAW_20230719_101049.560,1000.0,400,805
utah_2023,utah_2023,utah_2023,/home/ted1204/MS_Detection_Datamaker/MS_datamaker_UTAH_2023/data/event_2417/RAW_20230719_101052.740.sgy,RAW_20230719_101052.740.sgy,RAW_20230719_101052.740,.sgy,utah_2023__RAW_20230719_101052.740,1000.0,400,805
utah_2023,utah_2023,utah_2023,/home/ted1204/MS_Detection_Datamaker/MS_datamaker_UTAH_2023/data/event_2417/RAW_20230719_102845.060.sgy,RAW_20230719_102845.060.sgy,RAW_20230719_102845.060,.sgy,utah_2023__RAW_20230719_102845.060,1000.0,400,805
utah_2023,utah_2023,utah_2023,/home/ted1204/MS_Detection_Datamaker/MS_datamaker_UTAH_2023/data/event_2417/RAW_20230719_103547.160.sgy,RAW_20230719_103547.160.sgy,RAW_20230719_103547.160,.sgy,utah_2023__RAW_20230719_103547.160,1000.0,400,805
utah_2023,utah_2023,utah_2023,/home/ted1204/MS_Detection_Datamaker/MS_datamaker_UTAH_2023/data/event_2417/RAW_20230719_103618.440.sgy,RAW_20230719_103618.440.sgy,RAW_20230719_103618.440,.sgy,utah_2023__RAW_20230719_103618.440,1000.0,400,805
utah_2023,utah_2023,utah_2023,/home/ted1204/MS_Detection_Datamaker/MS_datamaker_UTAH_2023/data/event_2417/RAW_20230719_104045.740.sgy,RAW_20230719_104045.740.sgy,RAW_20230719_104045.740,.sgy,utah_2023__RAW_20230719_104045.740,1000.0,400,805
utah_2023,utah_2023,utah_2023,/home/ted1204/MS_Detection_Datamaker/MS_datamaker_UTAH_2023/data/event_2417/RAW_20230719_105054.260.sgy,RAW_20230719_105054.260.sgy,RAW_20230719_105054.260,.sgy,utah_2023__RAW_20230719_105054.260,1000.0,400,805
utah_2023,utah_2023,utah_2023,/home/ted1204/MS_Detection_Datamaker/MS_datamaker_UTAH_2023/data/event_2417/RAW_20230719_105130.800.sgy,RAW_20230719_105130.800.sgy,RAW_20230719_105130.800,.sgy,utah_2023__RAW_20230719_105130.800,1000.0,400,805
utah_2023,utah_2023,utah_2023,/home/ted1204/MS_Detection_Datamaker/MS_datamaker_UTAH_2023/data/event_2417/RAW_20230719_105433.420.sgy,RAW_20230719_105433.420.sgy,RAW_20230719_105433.420,.sgy,utah_2023__RAW_20230719_105433.420,1000.0,400,805
utah_2023,utah_2023,utah_2023,/home/ted1204/MS_Detection_Datamaker/MS_datamaker_UTAH_2023/data/event_2417/RAW_20230719_105917.020.sgy,RAW_20230719_105917.020.sgy,RAW_20230719_105917.020,.sgy,utah_2023__RAW_20230719_105917.020,1000.0,400,805
utah_2023,utah_2023,utah_2023,/home/ted1204/MS_Detection_Datamaker/MS_datamaker_UTAH_2023/data/event_2417/RAW_20230719_111856.500.sgy,RAW_20230719_111856.500.sgy,RAW_20230719_111856.500,.sgy,utah_2023__RAW_20230719_111856.500,1000.0,400,805
utah_2023,utah_2023,utah_2023,/home/ted1204/MS_Detection_Datamaker/MS_datamaker_UTAH_2023/data/event_2417/RAW_20230719_112045.660.sgy,RAW_20230719_112045.660.sgy,RAW_20230719_112045.660,.sgy,utah_2023__RAW_20230719_112045.660,1000.0,400,805
utah_2023,utah_2023,utah_2023,/home/ted1204/MS_Detection_Datamaker/MS_datamaker_UTAH_2023/data/event_2417/RAW_20230719_112244.740.sgy,RAW_20230719_112244.740.sgy,RAW_20230719_112244.740,.sgy,utah_2023__RAW_20230719_112244.740,1000.0,400,805
utah_2023,utah_2023,utah_2023,/home/ted1204/MS_Detection_Datamaker/MS_datamaker_UTAH_2023/data/event_2417/RAW_20230719_113029.220.sgy,RAW_20230719_113029.220.sgy,RAW_20230719_113029.220,.sgy,utah_2023__RAW_20230719_113029.220,1000.0,400,805
utah_2023,utah_2023,utah_2023,/home/ted1204/MS_Detection_Datamaker/MS_datamaker_UTAH_2023/data/event_2417/RAW_20230719_113839.760.sgy,RAW_20230719_113839.760.sgy,RAW_20230719_113839.760,.sgy,utah_2023__RAW_20230719_113839.760,1000.0,400,805
utah_2023,utah_2023,utah_2023,/home/ted1204/MS_Detection_Datamaker/MS_datamaker_UTAH_2023/data/event_2417/RAW_20230719_114141.700.sgy,RAW_20230719_114141.700.sgy,RAW_20230719_114141.700,.sgy,utah_2023__RAW_20230719_114141.700,1000.0,400,805
utah_2023,utah_2023,utah_2023,/home/ted1204/MS_Detection_Datamaker/MS_datamaker_UTAH_2023/data/event_2417/RAW_20230719_114459.940.sgy,RAW_20230719_114459.940.sgy,RAW_20230719_114459.940,.sgy,utah_2023__RAW_20230719_114459.940,1000.0,400,805
utah_2023,utah_2023,utah_2023,/home/ted1204/MS_Detection_Datamaker/MS_datamaker_UTAH_2023/data/event_2417/RAW_20230719_114539.400.sgy,RAW_20230719_114539.400.sgy,RAW_20230719_114539.400,.sgy,utah_2023__RAW_20230719_114539.400,1000.0,400,805
utah_2023,utah_2023,utah_2023,/home/ted1204/MS_Detection_Datamaker/MS_datamaker_UTAH_2023/data/event_2417/RAW_20230719_114645.440.sgy,RAW_20230719_114645.440.sgy,RAW_20230719_114645.440,.sgy,utah_2023__RAW_20230719_114645.440,1000.0,400,805
utah_2023,utah_2023,utah_2023,/home/ted1204/MS_Detection_Datamaker/MS_datamaker_UTAH_2023/data/event_2417/RAW_20230719_114858.180.sgy,RAW_20230719_114858.180.sgy,RAW_20230719_114858.180,.sgy,utah_2023__RAW_20230719_114858.180,1000.0,400,805
utah_2023,utah_2023,utah_2023,/home/ted1204/MS_Detection_Datamaker/MS_datamaker_UTAH_2023/data/event_2417/RAW_20230719_120910.060.sgy,RAW_20230719_120910.060.sgy,RAW_20230719_120910.060,.sgy,utah_2023__RAW_20230719_120910.060,1000.0,400,805
utah_2023,utah_2023,utah_2023,/home/ted1204/MS_Detection_Datamaker/MS_datamaker_UTAH_2023/data/event_2417/RAW_20230719_121356.380.sgy,RAW_20230719_121356.380.sgy,RAW_20230719_121356.380,.sgy,utah_2023__RAW_20230719_121356.380,1000.0,400,805
utah_2023,utah_2023,utah_2023,/home/ted1204/MS_Detection_Datamaker/MS_datamaker_UTAH_2023/data/event_2417/RAW_20230719_124327.820.sgy,RAW_20230719_124327.820.sgy,RAW_20230719_124327.820,.sgy,utah_2023__RAW_20230719_124327.820,1000.0,400,805
utah_2023,utah_2023,utah_2023,/home/ted1204/MS_Detection_Datamaker/MS_datamaker_UTAH_2023/data/event_2417/RAW_20230719_124657.380.sgy,RAW_20230719_124657.380.sgy,RAW_20230719_124657.380,.sgy,utah_2023__RAW_20230719_124657.380,1000.0,400,805
utah_2023,utah_2023,utah_2023,/home/ted1204/MS_Detection_Datamaker/MS_datamaker_UTAH_2023/data/event_2417/RAW_20230719_124910.540.sgy,RAW_20230719_124910.540.sgy,RAW_20230719_124910.540,.sgy,utah_2023__RAW_20230719_124910.540,1000.0,400,805
utah_2023,utah_2023,utah_2023,/home/ted1204/MS_Detection_Datamaker/MS_datamaker_UTAH_2023/data/event_2417/RAW_20230719_125617.420.sgy,RAW_20230719_125617.420.sgy,RAW_20230719_125617.420,.sgy,utah_2023__RAW_20230719_125617.420,1000.0,400,805
utah_2023,utah_2023,utah_2023,/home/ted1204/MS_Detection_Datamaker/MS_datamaker_UTAH_2023/data/event_2417/RAW_20230719_125643.720.sgy,RAW_20230719_125643.720.sgy,RAW_20230719_125643.720,.sgy,utah_2023__RAW_20230719_125643.720,1000.0,400,805
utah_2023,utah_2023,utah_2023,/home/ted1204/MS_Detection_Datamaker/MS_datamaker_UTAH_2023/data/event_2417/RAW_20230719_130548.860.sgy,RAW_20230719_130548.860.sgy,RAW_20230719_130548.860,.sgy,utah_2023__RAW_20230719_130548.860,1000.0,400,805
utah_2023,utah_2023,utah_2023,/home/ted1204/MS_Detection_Datamaker/MS_datamaker_UTAH_2023/data/event_2417/RAW_20230719_131651.700.sgy,RAW_20230719_131651.700.sgy,RAW_20230719_131651.700,.sgy,utah_2023__RAW_20230719_131651.700,1000.0,400,805
utah_2023,utah_2023,utah_2023,/home/ted1204/MS_Detection_Datamaker/MS_datamaker_UTAH_2023/data/event_2417/RAW_20230719_131653.920.sgy,RAW_20230719_131653.920.sgy,RAW_20230719_131653.920,.sgy,utah_2023__RAW_20230719_131653.920,1000.0,400,805
utah_2023,utah_2023,utah_2023,/home/ted1204/MS_Detection_Datamaker/MS_datamaker_UTAH_2023/data/event_2417/RAW_20230719_133952.740.sgy,RAW_20230719_133952.740.sgy,RAW_20230719_133952.740,.sgy,utah_2023__RAW_20230719_133952.740,1000.0,400,805
utah_2023,utah_2023,utah_2023,/home/ted1204/MS_Detection_Datamaker/MS_datamaker_UTAH_2023/data/event_2417/RAW_20230719_134203.960.sgy,RAW_20230719_134203.960.sgy,RAW_20230719_134203.960,.sgy,utah_2023__RAW_20230719_134203.960,1000.0,400,805
utah_2023,utah_2023,utah_2023,/home/ted1204/MS_Detection_Datamaker/MS_datamaker_UTAH_2023/data/event_2417/RAW_20230719_135423.660.sgy,RAW_20230719_135423.660.sgy,RAW_20230719_135423.660,.sgy,utah_2023__RAW_20230719_135423.660,1000.0,400,805
utah_2023,utah_2023,utah_2023,/home/ted1204/MS_Detection_Datamaker/MS_datamaker_UTAH_2023/data/event_2417/RAW_20230719_135957.880.sgy,RAW_20230719_135957.880.sgy,RAW_20230719_135957.880,.sgy,utah_2023__RAW_20230719_135957.880,1000.0,400,805
utah_2023,utah_2023,utah_2023,/home/ted1204/MS_Detection_Datamaker/MS_datamaker_UTAH_2023/data/event_2417/RAW_20230719_140753.600.sgy,RAW_20230719_140753.600.sgy,RAW_20230719_140753.600,.sgy,utah_2023__RAW_20230719_140753.600,1000.0,400,805
utah_2023,utah_2023,utah_2023,/home/ted1204/MS_Detection_Datamaker/MS_datamaker_UTAH_2023/data/event_2417/RAW_20230719_141257.260.sgy,RAW_20230719_141257.260.sgy,RAW_20230719_141257.260,.sgy,utah_2023__RAW_20230719_141257.260,1000.0,400,805
utah_2023,utah_2023,utah_2023,/home/ted1204/MS_Detection_Datamaker/MS_datamaker_UTAH_2023/data/event_2417/RAW_20230719_142106.840.sgy,RAW_20230719_142106.840.sgy,RAW_20230719_142106.840,.sgy,utah_2023__RAW_20230719_142106.840,1000.0,400,805
utah_2023,utah_2023,utah_2023,/home/ted1204/MS_Detection_Datamaker/MS_datamaker_UTAH_2023/data/event_2417/RAW_20230719_144729.880.sgy,RAW_20230719_144729.880.sgy,RAW_20230719_144729.880,.sgy,utah_2023__RAW_20230719_144729.880,1000.0,400,805
utah_2023,utah_2023,utah_2023,/home/ted1204/MS_Detection_Datamaker/MS_datamaker_UTAH_2023/data/event_2417/RAW_20230719_145559.460.sgy,RAW_20230719_145559.460.sgy,RAW_20230719_145559.460,.sgy,utah_2023__RAW_20230719_145559.460,1000.0,400,805
utah_2023,utah_2023,utah_2023,/home/ted1204/MS_Detection_Datamaker/MS_datamaker_UTAH_2023/data/event_2417/RAW_20230719_152521.700.sgy,RAW_20230719_152521.700.sgy,RAW_20230719_152521.700,.sgy,utah_2023__RAW_20230719_152521.700,1000.0,400,805
utah_2023,utah_2023,utah_2023,/home/ted1204/MS_Detection_Datamaker/MS_datamaker_UTAH_2023/data/event_2417/RAW_20230719_154038.400.sgy,RAW_20230719_154038.400.sgy,RAW_20230719_154038.400,.sgy,utah_2023__RAW_20230719_154038.400,1000.0,400,805
utah_2023,utah_2023,utah_2023,/home/ted1204/MS_Detection_Datamaker/MS_datamaker_UTAH_2023/data/event_2417/RAW_20230719_154546.400.sgy,RAW_20230719_154546.400.sgy,RAW_20230719_154546.400,.sgy,utah_2023__RAW_20230719_154546.400,1000.0,400,805
utah_2023,utah_2023,utah_2023,/home/ted1204/MS_Detection_Datamaker/MS_datamaker_UTAH_2023/data/event_2417/RAW_20230719_155048.700.sgy,RAW_20230719_155048.700.sgy,RAW_20230719_155048.700,.sgy,utah_2023__RAW_20230719_155048.700,1000.0,400,805
utah_2023,utah_2023,utah_2023,/home/ted1204/MS_Detection_Datamaker/MS_datamaker_UTAH_2023/data/event_2417/RAW_20230719_155614.680.sgy,RAW_20230719_155614.680.sgy,RAW_20230719_155614.680,.sgy,utah_2023__RAW_20230719_155614.680,1000.0,400,805
utah_2023,utah_2023,utah_2023,/home/ted1204/MS_Detection_Datamaker/MS_datamaker_UTAH_2023/data/event_2417/RAW_20230719_155920.240.sgy,RAW_20230719_155920.240.sgy,RAW_20230719_155920.240,.sgy,utah_2023__RAW_20230719_155920.240,1000.0,400,805
utah_2023,utah_2023,utah_2023,/home/ted1204/MS_Detection_Datamaker/MS_datamaker_UTAH_2023/data/event_2417/RAW_20230719_160406.840.sgy,RAW_20230719_160406.840.sgy,RAW_20230719_160406.840,.sgy,utah_2023__RAW_20230719_160406.840,1000.0,400,805
utah_2023,utah_2023,utah_2023,/home/ted1204/MS_Detection_Datamaker/MS_datamaker_UTAH_2023/data/event_2417/RAW_20230719_160545.080.sgy,RAW_20230719_160545.080.sgy,RAW_20230719_160545.080,.sgy,utah_2023__RAW_20230719_160545.080,1000.0,400,805
utah_2023,utah_2023,utah_2023,/home/ted1204/MS_Detection_Datamaker/MS_datamaker_UTAH_2023/data/event_2417/RAW_20230719_160610.400.sgy,RAW_20230719_160610.400.sgy,RAW_20230719_160610.400,.sgy,utah_2023__RAW_20230719_160610.400,1000.0,400,805
utah_2023,utah_2023,utah_2023,/home/ted1204/MS_Detection_Datamaker/MS_datamaker_UTAH_2023/data/event_2417/RAW_20230719_160728.180.sgy,RAW_20230719_160728.180.sgy,RAW_20230719_160728.180,.sgy,utah_2023__RAW_20230719_160728.180,1000.0,400,805
utah_2023,utah_2023,utah_2023,/home/ted1204/MS_Detection_Datamaker/MS_datamaker_UTAH_2023/data/event_2417/RAW_20230719_164452.140.sgy,RAW_20230719_164452.140.sgy,RAW_20230719_164452.140,.sgy,utah_2023__RAW_20230719_164452.140,1000.0,400,805
utah_2023,utah_2023,utah_2023,/home/ted1204/MS_Detection_Datamaker/MS_datamaker_UTAH_2023/data/event_2417/RAW_20230719_165322.460.sgy,RAW_20230719_165322.460.sgy,RAW_20230719_165322.460,.sgy,utah_2023__RAW_20230719_165322.460,1000.0,400,805
utah_2023,utah_2023,utah_2023,/home/ted1204/MS_Detection_Datamaker/MS_datamaker_UTAH_2023/data/event_2417/RAW_20230719_165449.380.sgy,RAW_20230719_165449.380.sgy,RAW_20230719_165449.380,.sgy,utah_2023__RAW_20230719_165449.380,1000.0,400,805
utah_2023,utah_2023,utah_2023,/home/ted1204/MS_Detection_Datamaker/MS_datamaker_UTAH_2023/data/event_2417/RAW_20230719_165622.080.sgy,RAW_20230719_165622.080.sgy,RAW_20230719_165622.080,.sgy,utah_2023__RAW_20230719_165622.080,1000.0,400,805
utah_2023,utah_2023,utah_2023,/home/ted1204/MS_Detection_Datamaker/MS_datamaker_UTAH_2023/data/event_2417/RAW_20230719_165628.340.sgy,RAW_20230719_165628.340.sgy,RAW_20230719_165628.340,.sgy,utah_2023__RAW_20230719_165628.340,1000.0,400,805
utah_2023,utah_2023,utah_2023,/home/ted1204/MS_Detection_Datamaker/MS_datamaker_UTAH_2023/data/event_2417/RAW_20230719_165933.780.sgy,RAW_20230719_165933.780.sgy,RAW_20230719_165933.780,.sgy,utah_2023__RAW_20230719_165933.780,1000.0,400,805
utah_2023,utah_2023,utah_2023,/home/ted1204/MS_Detection_Datamaker/MS_datamaker_UTAH_2023/data/event_2417/RAW_20230719_170725.580.sgy,RAW_20230719_170725.580.sgy,RAW_20230719_170725.580,.sgy,utah_2023__RAW_20230719_170725.580,1000.0,400,805
utah_2023,utah_2023,utah_2023,/home/ted1204/MS_Detection_Datamaker/MS_datamaker_UTAH_2023/data/event_2417/RAW_20230719_172342.680.sgy,RAW_20230719_172342.680.sgy,RAW_20230719_172342.680,.sgy,utah_2023__RAW_20230719_172342.680,1000.0,400,805
utah_2023,utah_2023,utah_2023,/home/ted1204/MS_Detection_Datamaker/MS_datamaker_UTAH_2023/data/event_2417/RAW_20230719_172520.440.sgy,RAW_20230719_172520.440.sgy,RAW_20230719_172520.440,.sgy,utah_2023__RAW_20230719_172520.440,1000.0,400,805
utah_2023,utah_2023,utah_2023,/home/ted1204/MS_Detection_Datamaker/MS_datamaker_UTAH_2023/data/event_2417/RAW_20230719_172543.760.sgy,RAW_20230719_172543.760.sgy,RAW_20230719_172543.760,.sgy,utah_2023__RAW_20230719_172543.760,1000.0,400,805
utah_2023,utah_2023,utah_2023,/home/ted1204/MS_Detection_Datamaker/MS_datamaker_UTAH_2023/data/event_2417/RAW_20230719_172727.460.sgy,RAW_20230719_172727.460.sgy,RAW_20230719_172727.460,.sgy,utah_2023__RAW_20230719_172727.460,1000.0,400,805
utah_2023,utah_2023,utah_2023,/home/ted1204/MS_Detection_Datamaker/MS_datamaker_UTAH_2023/data/event_2417/RAW_20230719_175813.300.sgy,RAW_20230719_175813.300.sgy,RAW_20230719_175813.300,.sgy,utah_2023__RAW_20230719_175813.300,1000.0,400,805
utah_2023,utah_2023,utah_2023,/home/ted1204/MS_Detection_Datamaker/MS_datamaker_UTAH_2023/data/event_2417/RAW_20230719_175832.800.sgy,RAW_20230719_175832.800.sgy,RAW_20230719_175832.800,.sgy,utah_2023__RAW_20230719_175832.800,1000.0,400,805
utah_2023,utah_2023,utah_2023,/home/ted1204/MS_Detection_Datamaker/MS_datamaker_UTAH_2023/data/event_2417/RAW_20230719_180055.120.sgy,RAW_20230719_180055.120.sgy,RAW_20230719_180055.120,.sgy,utah_2023__RAW_20230719_180055.120,1000.0,400,805
utah_2023,utah_2023,utah_2023,/home/ted1204/MS_Detection_Datamaker/MS_datamaker_UTAH_2023/data/event_2417/RAW_20230719_182040.280.sgy,RAW_20230719_182040.280.sgy,RAW_20230719_182040.280,.sgy,utah_2023__RAW_20230719_182040.280,1000.0,400,805
utah_2023,utah_2023,utah_2023,/home/ted1204/MS_Detection_Datamaker/MS_datamaker_UTAH_2023/data/event_2417/RAW_20230719_183600.700.sgy,RAW_20230719_183600.700.sgy,RAW_20230719_183600.700,.sgy,utah_2023__RAW_20230719_183600.700,1000.0,400,805
utah_2023,utah_2023,utah_2023,/home/ted1204/MS_Detection_Datamaker/MS_datamaker_UTAH_2023/data/event_2417/RAW_20230719_183623.100.sgy,RAW_20230719_183623.100.sgy,RAW_20230719_183623.100,.sgy,utah_2023__RAW_20230719_183623.100,1000.0,400,805
utah_2023,utah_2023,utah_2023,/home/ted1204/MS_Detection_Datamaker/MS_datamaker_UTAH_2023/data/event_2417/RAW_20230719_183924.280.sgy,RAW_20230719_183924.280.sgy,RAW_20230719_183924.280,.sgy,utah_2023__RAW_20230719_183924.280,1000.0,400,805
utah_2023,utah_2023,utah_2023,/home/ted1204/MS_Detection_Datamaker/MS_datamaker_UTAH_2023/data/event_2417/RAW_20230719_184810.040.sgy,RAW_20230719_184810.040.sgy,RAW_20230719_184810.040,.sgy,utah_2023__RAW_20230719_184810.040,1000.0,400,805
utah_2023,utah_2023,utah_2023,/home/ted1204/MS_Detection_Datamaker/MS_datamaker_UTAH_2023/data/event_2417/RAW_20230719_190923.700.sgy,RAW_20230719_190923.700.sgy,RAW_20230719_190923.700,.sgy,utah_2023__RAW_20230719_190923.700,1000.0,400,805
utah_2023,utah_2023,utah_2023,/home/ted1204/MS_Detection_Datamaker/MS_datamaker_UTAH_2023/data/event_2417/RAW_20230719_191730.240.sgy,RAW_20230719_191730.240.sgy,RAW_20230719_191730.240,.sgy,utah_2023__RAW_20230719_191730.240,1000.0,400,805
utah_2023,utah_2023,utah_2023,/home/ted1204/MS_Detection_Datamaker/MS_datamaker_UTAH_2023/data/event_2417/RAW_20230719_192119.580.sgy,RAW_20230719_192119.580.sgy,RAW_20230719_192119.580,.sgy,utah_2023__RAW_20230719_192119.580,1000.0,400,805
utah_2023,utah_2023,utah_2023,/home/ted1204/MS_Detection_Datamaker/MS_datamaker_UTAH_2023/data/event_2417/RAW_20230719_192324.520.sgy,RAW_20230719_192324.520.sgy,RAW_20230719_192324.520,.sgy,utah_2023__RAW_20230719_192324.520,1000.0,400,805
utah_2023,utah_2023,utah_2023,/home/ted1204/MS_Detection_Datamaker/MS_datamaker_UTAH_2023/data/event_2417/RAW_20230719_195243.480.sgy,RAW_20230719_195243.480.sgy,RAW_20230719_195243.480,.sgy,utah_2023__RAW_20230719_195243.480,1000.0,400,805
utah_2023,utah_2023,utah_2023,/home/ted1204/MS_Detection_Datamaker/MS_datamaker_UTAH_2023/data/event_2417/RAW_20230719_200016.600.sgy,RAW_20230719_200016.600.sgy,RAW_20230719_200016.600,.sgy,utah_2023__RAW_20230719_200016.600,1000.0,400,805
utah_2023,utah_2023,utah_2023,/home/ted1204/MS_Detection_Datamaker/MS_datamaker_UTAH_2023/data/event_2417/RAW_20230719_202520.200.sgy,RAW_20230719_202520.200.sgy,RAW_20230719_202520.200,.sgy,utah_2023__RAW_20230719_202520.200,1000.0,400,805
utah_2023,utah_2023,utah_2023,/home/ted1204/MS_Detection_Datamaker/MS_datamaker_UTAH_2023/data/event_2417/RAW_20230719_203619.360.sgy,RAW_20230719_203619.360.sgy,RAW_20230719_203619.360,.sgy,utah_2023__RAW_20230719_203619.360,1000.0,400,805
utah_2023,utah_2023,utah_2023,/home/ted1204/MS_Detection_Datamaker/MS_datamaker_UTAH_2023/data/event_2417/RAW_20230719_205922.900.sgy,RAW_20230719_205922.900.sgy,RAW_20230719_205922.900,.sgy,utah_2023__RAW_20230719_205922.900,1000.0,400,805
utah_2023,utah_2023,utah_2023,/home/ted1204/MS_Detection_Datamaker/MS_datamaker_UTAH_2023/data/event_2417/RAW_20230719_210647.360.sgy,RAW_20230719_210647.360.sgy,RAW_20230719_210647.360,.sgy,utah_2023__RAW_20230719_210647.360,1000.0,400,805
utah_2023,utah_2023,utah_2023,/home/ted1204/MS_Detection_Datamaker/MS_datamaker_UTAH_2023/data/event_2417/RAW_20230719_212938.900.sgy,RAW_20230719_212938.900.sgy,RAW_20230719_212938.900,.sgy,utah_2023__RAW_20230719_212938.900,1000.0,400,805
utah_2023,utah_2023,utah_2023,/home/ted1204/MS_Detection_Datamaker/MS_datamaker_UTAH_2023/data/event_2417/RAW_20230719_214758.140.sgy,RAW_20230719_214758.140.sgy,RAW_20230719_214758.140,.sgy,utah_2023__RAW_20230719_214758.140,1000.0,400,805
utah_2023,utah_2023,utah_2023,/home/ted1204/MS_Detection_Datamaker/MS_datamaker_UTAH_2023/data/event_2417/RAW_20230719_221324.580.sgy,RAW_20230719_221324.580.sgy,RAW_20230719_221324.580,.sgy,utah_2023__RAW_20230719_221324.580,1000.0,400,805
utah_2023,utah_2023,utah_2023,/home/ted1204/MS_Detection_Datamaker/MS_datamaker_UTAH_2023/data/event_2417/RAW_20230719_223221.820.sgy,RAW_20230719_223221.820.sgy,RAW_20230719_223221.820,.sgy,utah_2023__RAW_20230719_223221.820,1000.0,400,805
utah_2023,utah_2023,utah_2023,/home/ted1204/MS_Detection_Datamaker/MS_datamaker_UTAH_2023/data/event_2417/RAW_20230719_223604.600.sgy,RAW_20230719_223604.600.sgy,RAW_20230719_223604.600,.sgy,utah_2023__RAW_20230719_223604.600,1000.0,400,805
utah_2023,utah_2023,utah_2023,/home/ted1204/MS_Detection_Datamaker/MS_datamaker_UTAH_2023/data/event_2417/RAW_20230719_231149.120.sgy,RAW_20230719_231149.120.sgy,RAW_20230719_231149.120,.sgy,utah_2023__RAW_20230719_231149.120,1000.0,400,805
utah_2023,utah_2023,utah_2023,/home/ted1204/MS_Detection_Datamaker/MS_datamaker_UTAH_2023/data/event_2417/RAW_20230719_234254.620.sgy,RAW_20230719_234254.620.sgy,RAW_20230719_234254.620,.sgy,utah_2023__RAW_20230719_234254.620,1000.0,400,805
utah_2023,utah_2023,utah_2023,/home/ted1204/MS_Detection_Datamaker/MS_datamaker_UTAH_2023/data/event_2417/RAW_20230720_000643.220.sgy,RAW_20230720_000643.220.sgy,RAW_20230720_000643.220,.sgy,utah_2023__RAW_20230720_000643.220,1000.0,400,805
utah_2023,utah_2023,utah_2023,/home/ted1204/MS_Detection_Datamaker/MS_datamaker_UTAH_2023/data/event_2417/RAW_20230720_023811.180.sgy,RAW_20230720_023811.180.sgy,RAW_20230720_023811.180,.sgy,utah_2023__RAW_20230720_023811.180,1000.0,400,805
utah_2023,utah_2023,utah_2023,/home/ted1204/MS_Detection_Datamaker/MS_datamaker_UTAH_2023/data/event_2417/RAW_20230720_044440.060.sgy,RAW_20230720_044440.060.sgy,RAW_20230720_044440.060,.sgy,utah_2023__RAW_20230720_044440.060,1000.0,400,805
utah_2023,utah_2023,utah_2023,/home/ted1204/MS_Detection_Datamaker/MS_datamaker_UTAH_2023/data/event_2417/RAW_20230720_060050.400.sgy,RAW_20230720_060050.400.sgy,RAW_20230720_060050.400,.sgy,utah_2023__RAW_20230720_060050.400,1000.0,400,805
utah_2023,utah_2023,utah_2023,/home/ted1204/MS_Detection_Datamaker/MS_datamaker_UTAH_2023/data/event_2417/RAW_20230720_073607.100.sgy,RAW_20230720_073607.100.sgy,RAW_20230720_073607.100,.sgy,utah_2023__RAW_20230720_073607.100,1000.0,400,805
utah_2023,utah_2023,utah_2023,/home/ted1204/MS_Detection_Datamaker/MS_datamaker_UTAH_2023/data/event_2417/RAW_20230720_073746.420.sgy,RAW_20230720_073746.420.sgy,RAW_20230720_073746.420,.sgy,utah_2023__RAW_20230720_073746.420,1000.0,400,805
utah_2023,utah_2023,utah_2023,/home/ted1204/MS_Detection_Datamaker/MS_datamaker_UTAH_2023/data/event_2417/RAW_20230720_074335.220.sgy,RAW_20230720_074335.220.sgy,RAW_20230720_074335.220,.sgy,utah_2023__RAW_20230720_074335.220,1000.0,400,805
utah_2023,utah_2023,utah_2023,/home/ted1204/MS_Detection_Datamaker/MS_datamaker_UTAH_2023/data/event_2417/RAW_20230720_074747.500.sgy,RAW_20230720_074747.500.sgy,RAW_20230720_074747.500,.sgy,utah_2023__RAW_20230720_074747.500,1000.0,400,805
utah_2023,utah_2023,utah_2023,/home/ted1204/MS_Detection_Datamaker/MS_datamaker_UTAH_2023/data/event_2417/RAW_20230720_075606.580.sgy,RAW_20230720_075606.580.sgy,RAW_20230720_075606.580,.sgy,utah_2023__RAW_20230720_075606.580,1000.0,400,805
utah_2023,utah_2023,utah_2023,/home/ted1204/MS_Detection_Datamaker/MS_datamaker_UTAH_2023/data/event_2417/RAW_20230720_080229.500.sgy,RAW_20230720_080229.500.sgy,RAW_20230720_080229.500,.sgy,utah_2023__RAW_20230720_080229.500,1000.0,400,805
utah_2023,utah_2023,utah_2023,/home/ted1204/MS_Detection_Datamaker/MS_datamaker_UTAH_2023/data/event_2417/RAW_20230720_080748.780.sgy,RAW_20230720_080748.780.sgy,RAW_20230720_080748.780,.sgy,utah_2023__RAW_20230720_080748.780,1000.0,400,805
utah_2023,utah_2023,utah_2023,/home/ted1204/MS_Detection_Datamaker/MS_datamaker_UTAH_2023/data/event_2417/RAW_20230720_081010.300.sgy,RAW_20230720_081010.300.sgy,RAW_20230720_081010.300,.sgy,utah_2023__RAW_20230720_081010.300,1000.0,400,805
utah_2023,utah_2023,utah_2023,/home/ted1204/MS_Detection_Datamaker/MS_datamaker_UTAH_2023/data/event_2417/RAW_20230720_081226.360.sgy,RAW_20230720_081226.360.sgy,RAW_20230720_081226.360,.sgy,utah_2023__RAW_20230720_081226.360,1000.0,400,805
utah_2023,utah_2023,utah_2023,/home/ted1204/MS_Detection_Datamaker/MS_datamaker_UTAH_2023/data/event_2417/RAW_20230720_081302.320.sgy,RAW_20230720_081302.320.sgy,RAW_20230720_081302.320,.sgy,utah_2023__RAW_20230720_081302.320,1000.0,400,805
utah_2023,utah_2023,utah_2023,/home/ted1204/MS_Detection_Datamaker/MS_datamaker_UTAH_2023/data/event_2417/RAW_20230720_082148.080.sgy,RAW_20230720_082148.080.sgy,RAW_20230720_082148.080,.sgy,utah_2023__RAW_20230720_082148.080,1000.0,400,805
utah_2023,utah_2023,utah_2023,/home/ted1204/MS_Detection_Datamaker/MS_datamaker_UTAH_2023/data/event_2417/RAW_20230720_082210.760.sgy,RAW_20230720_082210.760.sgy,RAW_20230720_082210.760,.sgy,utah_2023__RAW_20230720_082210.760,1000.0,400,805
utah_2023,utah_2023,utah_2023,/home/ted1204/MS_Detection_Datamaker/MS_datamaker_UTAH_2023/data/event_2417/RAW_20230720_082338.880.sgy,RAW_20230720_082338.880.sgy,RAW_20230720_082338.880,.sgy,utah_2023__RAW_20230720_082338.880,1000.0,400,805
utah_2023,utah_2023,utah_2023,/home/ted1204/MS_Detection_Datamaker/MS_datamaker_UTAH_2023/data/event_2417/RAW_20230720_082913.020.sgy,RAW_20230720_082913.020.sgy,RAW_20230720_082913.020,.sgy,utah_2023__RAW_20230720_082913.020,1000.0,400,805
utah_2023,utah_2023,utah_2023,/home/ted1204/MS_Detection_Datamaker/MS_datamaker_UTAH_2023/data/event_2417/RAW_20230720_084459.700.sgy,RAW_20230720_084459.700.sgy,RAW_20230720_084459.700,.sgy,utah_2023__RAW_20230720_084459.700,1000.0,400,805
utah_2023,utah_2023,utah_2023,/home/ted1204/MS_Detection_Datamaker/MS_datamaker_UTAH_2023/data/event_2417/RAW_20230720_084636.400.sgy,RAW_20230720_084636.400.sgy,RAW_20230720_084636.400,.sgy,utah_2023__RAW_20230720_084636.400,1000.0,400,805
utah_2023,utah_2023,utah_2023,/home/ted1204/MS_Detection_Datamaker/MS_datamaker_UTAH_2023/data/event_2417/RAW_20230720_085240.640.sgy,RAW_20230720_085240.640.sgy,RAW_20230720_085240.640,.sgy,utah_2023__RAW_20230720_085240.640,1000.0,400,805
utah_2023,utah_2023,utah_2023,/home/ted1204/MS_Detection_Datamaker/MS_datamaker_UTAH_2023/data/event_2417/RAW_20230720_085518.820.sgy,RAW_20230720_085518.820.sgy,RAW_20230720_085518.820,.sgy,utah_2023__RAW_20230720_085518.820,1000.0,400,805
utah_2023,utah_2023,utah_2023,/home/ted1204/MS_Detection_Datamaker/MS_datamaker_UTAH_2023/data/event_2417/RAW_20230720_085822.540.sgy,RAW_20230720_085822.540.sgy,RAW_20230720_085822.540,.sgy,utah_2023__RAW_20230720_085822.540,1000.0,400,805
utah_2023,utah_2023,utah_2023,/home/ted1204/MS_Detection_Datamaker/MS_datamaker_UTAH_2023/data/event_2417/RAW_20230720_090113.160.sgy,RAW_20230720_090113.160.sgy,RAW_20230720_090113.160,.sgy,utah_2023__RAW_20230720_090113.160,1000.0,400,805
utah_2023,utah_2023,utah_2023,/home/ted1204/MS_Detection_Datamaker/MS_datamaker_UTAH_2023/data/event_2417/RAW_20230720_090602.640.sgy,RAW_20230720_090602.640.sgy,RAW_20230720_090602.640,.sgy,utah_2023__RAW_20230720_090602.640,1000.0,400,805
utah_2023,utah_2023,utah_2023,/home/ted1204/MS_Detection_Datamaker/MS_datamaker_UTAH_2023/data/event_2417/RAW_20230720_091146.460.sgy,RAW_20230720_091146.460.sgy,RAW_20230720_091146.460,.sgy,utah_2023__RAW_20230720_091146.460,1000.0,400,805
utah_2023,utah_2023,utah_2023,/home/ted1204/MS_Detection_Datamaker/MS_datamaker_UTAH_2023/data/event_2417/RAW_20230720_091213.760.sgy,RAW_20230720_091213.760.sgy,RAW_20230720_091213.760,.sgy,utah_2023__RAW_20230720_091213.760,1000.0,400,805
utah_2023,utah_2023,utah_2023,/home/ted1204/MS_Detection_Datamaker/MS_datamaker_UTAH_2023/data/event_2417/RAW_20230720_091251.500.sgy,RAW_20230720_091251.500.sgy,RAW_20230720_091251.500,.sgy,utah_2023__RAW_20230720_091251.500,1000.0,400,805
utah_2023,utah_2023,utah_2023,/home/ted1204/MS_Detection_Datamaker/MS_datamaker_UTAH_2023/data/event_2417/RAW_20230720_091336.660.sgy,RAW_20230720_091336.660.sgy,RAW_20230720_091336.660,.sgy,utah_2023__RAW_20230720_091336.660,1000.0,400,805
utah_2023,utah_2023,utah_2023,/home/ted1204/MS_Detection_Datamaker/MS_datamaker_UTAH_2023/data/event_2417/RAW_20230720_091628.360.sgy,RAW_20230720_091628.360.sgy,RAW_20230720_091628.360,.sgy,utah_2023__RAW_20230720_091628.360,1000.0,400,805
utah_2023,utah_2023,utah_2023,/home/ted1204/MS_Detection_Datamaker/MS_datamaker_UTAH_2023/data/event_2417/RAW_20230720_092029.360.sgy,RAW_20230720_092029.360.sgy,RAW_20230720_092029.360,.sgy,utah_2023__RAW_20230720_092029.360,1000.0,400,805
utah_2023,utah_2023,utah_2023,/home/ted1204/MS_Detection_Datamaker/MS_datamaker_UTAH_2023/data/event_2417/RAW_20230720_092650.140.sgy,RAW_20230720_092650.140.sgy,RAW_20230720_092650.140,.sgy,utah_2023__RAW_20230720_092650.140,1000.0,400,805
utah_2023,utah_2023,utah_2023,/home/ted1204/MS_Detection_Datamaker/MS_datamaker_UTAH_2023/data/event_2417/RAW_20230720_093708.020.sgy,RAW_20230720_093708.020.sgy,RAW_20230720_093708.020,.sgy,utah_2023__RAW_20230720_093708.020,1000.0,400,805
utah_2023,utah_2023,utah_2023,/home/ted1204/MS_Detection_Datamaker/MS_datamaker_UTAH_2023/data/event_2417/RAW_20230720_093718.140.sgy,RAW_20230720_093718.140.sgy,RAW_20230720_093718.140,.sgy,utah_2023__RAW_20230720_093718.140,1000.0,400,805
utah_2023,utah_2023,utah_2023,/home/ted1204/MS_Detection_Datamaker/MS_datamaker_UTAH_2023/data/event_2417/RAW_20230720_093747.780.sgy,RAW_20230720_093747.780.sgy,RAW_20230720_093747.780,.sgy,utah_2023__RAW_20230720_093747.780,1000.0,400,805
utah_2023,utah_2023,utah_2023,/home/ted1204/MS_Detection_Datamaker/MS_datamaker_UTAH_2023/data/event_2417/RAW_20230720_093949.540.sgy,RAW_20230720_093949.540.sgy,RAW_20230720_093949.540,.sgy,utah_2023__RAW_20230720_093949.540,1000.0,400,805
utah_2023,utah_2023,utah_2023,/home/ted1204/MS_Detection_Datamaker/MS_datamaker_UTAH_2023/data/event_2417/RAW_20230720_094558.960.sgy,RAW_20230720_094558.960.sgy,RAW_20230720_094558.960,.sgy,utah_2023__RAW_20230720_094558.960,1000.0,400,805
utah_2023,utah_2023,utah_2023,/home/ted1204/MS_Detection_Datamaker/MS_datamaker_UTAH_2023/data/event_2417/RAW_20230720_100612.340.sgy,RAW_20230720_100612.340.sgy,RAW_20230720_100612.340,.sgy,utah_2023__RAW_20230720_100612.340,1000.0,400,805
utah_2023,utah_2023,utah_2023,/home/ted1204/MS_Detection_Datamaker/MS_datamaker_UTAH_2023/data/event_2417/RAW_20230720_101540.600.sgy,RAW_20230720_101540.600.sgy,RAW_20230720_101540.600,.sgy,utah_2023__RAW_20230720_101540.600,1000.0,400,805
utah_2023,utah_2023,utah_2023,/home/ted1204/MS_Detection_Datamaker/MS_datamaker_UTAH_2023/data/event_2417/RAW_20230720_102640.800.sgy,RAW_20230720_102640.800.sgy,RAW_20230720_102640.800,.sgy,utah_2023__RAW_20230720_102640.800,1000.0,400,805
utah_2023,utah_2023,utah_2023,/home/ted1204/MS_Detection_Datamaker/MS_datamaker_UTAH_2023/data/event_2417/RAW_20230720_102741.860.sgy,RAW_20230720_102741.860.sgy,RAW_20230720_102741.860,.sgy,utah_2023__RAW_20230720_102741.860,1000.0,400,805
utah_2023,utah_2023,utah_2023,/home/ted1204/MS_Detection_Datamaker/MS_datamaker_UTAH_2023/data/event_2417/RAW_20230720_102829.840.sgy,RAW_20230720_102829.840.sgy,RAW_20230720_102829.840,.sgy,utah_2023__RAW_20230720_102829.840,1000.0,400,805
utah_2023,utah_2023,utah_2023,/home/ted1204/MS_Detection_Datamaker/MS_datamaker_UTAH_2023/data/event_2417/RAW_20230720_102910.380.sgy,RAW_20230720_102910.380.sgy,RAW_20230720_102910.380,.sgy,utah_2023__RAW_20230720_102910.380,1000.0,400,805
utah_2023,utah_2023,utah_2023,/home/ted1204/MS_Detection_Datamaker/MS_datamaker_UTAH_2023/data/event_2417/RAW_20230720_103428.100.sgy,RAW_20230720_103428.100.sgy,RAW_20230720_103428.100,.sgy,utah_2023__RAW_20230720_103428.100,1000.0,400,805
utah_2023,utah_2023,utah_2023,/home/ted1204/MS_Detection_Datamaker/MS_datamaker_UTAH_2023/data/event_2417/RAW_20230720_110328.540.sgy,RAW_20230720_110328.540.sgy,RAW_20230720_110328.540,.sgy,utah_2023__RAW_20230720_110328.540,1000.0,400,805
utah_2023,utah_2023,utah_2023,/home/ted1204/MS_Detection_Datamaker/MS_datamaker_UTAH_2023/data/event_2417/RAW_20230720_110747.940.sgy,RAW_20230720_110747.940.sgy,RAW_20230720_110747.940,.sgy,utah_2023__RAW_20230720_110747.940,1000.0,400,805
utah_2023,utah_2023,utah_2023,/home/ted1204/MS_Detection_Datamaker/MS_datamaker_UTAH_2023/data/event_2417/RAW_20230720_111005.680.sgy,RAW_20230720_111005.680.sgy,RAW_20230720_111005.680,.sgy,utah_2023__RAW_20230720_111005.680,1000.0,400,805
utah_2023,utah_2023,utah_2023,/home/ted1204/MS_Detection_Datamaker/MS_datamaker_UTAH_2023/data/event_2417/RAW_20230720_113700.260.sgy,RAW_20230720_113700.260.sgy,RAW_20230720_113700.260,.sgy,utah_2023__RAW_20230720_113700.260,1000.0,400,805
utah_2023,utah_2023,utah_2023,/home/ted1204/MS_Detection_Datamaker/MS_datamaker_UTAH_2023/data/event_2417/RAW_20230720_115655.360.sgy,RAW_20230720_115655.360.sgy,RAW_20230720_115655.360,.sgy,utah_2023__RAW_20230720_115655.360,1000.0,400,805
utah_2023,utah_2023,utah_2023,/home/ted1204/MS_Detection_Datamaker/MS_datamaker_UTAH_2023/data/event_2417/RAW_20230720_123042.460.sgy,RAW_20230720_123042.460.sgy,RAW_20230720_123042.460,.sgy,utah_2023__RAW_20230720_123042.460,1000.0,400,805
utah_2023,utah_2023,utah_2023,/home/ted1204/MS_Detection_Datamaker/MS_datamaker_UTAH_2023/data/event_2417/RAW_20230720_123256.300.sgy,RAW_20230720_123256.300.sgy,RAW_20230720_123256.300,.sgy,utah_2023__RAW_20230720_123256.300,1000.0,400,805
utah_2023,utah_2023,utah_2023,/home/ted1204/MS_Detection_Datamaker/MS_datamaker_UTAH_2023/data/event_2417/RAW_20230720_140009.780.sgy,RAW_20230720_140009.780.sgy,RAW_20230720_140009.780,.sgy,utah_2023__RAW_20230720_140009.780,1000.0,400,805
utah_2023,utah_2023,utah_2023,/home/ted1204/MS_Detection_Datamaker/MS_datamaker_UTAH_2023/data/event_2417/RAW_20230720_140416.920.sgy,RAW_20230720_140416.920.sgy,RAW_20230720_140416.920,.sgy,utah_2023__RAW_20230720_140416.920,1000.0,400,805
utah_2023,utah_2023,utah_2023,/home/ted1204/MS_Detection_Datamaker/MS_datamaker_UTAH_2023/data/event_2417/RAW_20230720_144510.080.sgy,RAW_20230720_144510.080.sgy,RAW_20230720_144510.080,.sgy,utah_2023__RAW_20230720_144510.080,1000.0,400,805
utah_2023,utah_2023,utah_2023,/home/ted1204/MS_Detection_Datamaker/MS_datamaker_UTAH_2023/data/event_2417/RAW_20230720_151525.720.sgy,RAW_20230720_151525.720.sgy,RAW_20230720_151525.720,.sgy,utah_2023__RAW_20230720_151525.720,1000.0,400,805
utah_2023,utah_2023,utah_2023,/home/ted1204/MS_Detection_Datamaker/MS_datamaker_UTAH_2023/data/event_2417/RAW_20230720_151605.460.sgy,RAW_20230720_151605.460.sgy,RAW_20230720_151605.460,.sgy,utah_2023__RAW_20230720_151605.460,1000.0,400,805
utah_2023,utah_2023,utah_2023,/home/ted1204/MS_Detection_Datamaker/MS_datamaker_UTAH_2023/data/event_2417/RAW_20230720_151640.020.sgy,RAW_20230720_151640.020.sgy,RAW_20230720_151640.020,.sgy,utah_2023__RAW_20230720_151640.020,1000.0,400,805
utah_2023,utah_2023,utah_2023,/home/ted1204/MS_Detection_Datamaker/MS_datamaker_UTAH_2023/data/event_2417/RAW_20230720_151855.840.sgy,RAW_20230720_151855.840.sgy,RAW_20230720_151855.840,.sgy,utah_2023__RAW_20230720_151855.840,1000.0,400,805
utah_2023,utah_2023,utah_2023,/home/ted1204/MS_Detection_Datamaker/MS_datamaker_UTAH_2023/data/event_2417/RAW_20230720_151955.380.sgy,RAW_20230720_151955.380.sgy,RAW_20230720_151955.380,.sgy,utah_2023__RAW_20230720_151955.380,1000.0,400,805
utah_2023,utah_2023,utah_2023,/home/ted1204/MS_Detection_Datamaker/MS_datamaker_UTAH_2023/data/event_2417/RAW_20230720_160024.380.sgy,RAW_20230720_160024.380.sgy,RAW_20230720_160024.380,.sgy,utah_2023__RAW_20230720_160024.380,1000.0,400,805
utah_2023,utah_2023,utah_2023,/home/ted1204/MS_Detection_Datamaker/MS_datamaker_UTAH_2023/data/event_2417/RAW_20230720_160528.760.sgy,RAW_20230720_160528.760.sgy,RAW_20230720_160528.760,.sgy,utah_2023__RAW_20230720_160528.760,1000.0,400,805
utah_2023,utah_2023,utah_2023,/home/ted1204/MS_Detection_Datamaker/MS_datamaker_UTAH_2023/data/event_2417/RAW_20230720_160916.140.sgy,RAW_20230720_160916.140.sgy,RAW_20230720_160916.140,.sgy,utah_2023__RAW_20230720_160916.140,1000.0,400,805
utah_2023,utah_2023,utah_2023,/home/ted1204/MS_Detection_Datamaker/MS_datamaker_UTAH_2023/data/event_2417/RAW_20230720_161020.100.sgy,RAW_20230720_161020.100.sgy,RAW_20230720_161020.100,.sgy,utah_2023__RAW_20230720_161020.100,1000.0,400,805
utah_2023,utah_2023,utah_2023,/home/ted1204/MS_Detection_Datamaker/MS_datamaker_UTAH_2023/data/event_2417/RAW_20230720_161206.400.sgy,RAW_20230720_161206.400.sgy,RAW_20230720_161206.400,.sgy,utah_2023__RAW_20230720_161206.400,1000.0,400,805
utah_2023,utah_2023,utah_2023,/home/ted1204/MS_Detection_Datamaker/MS_datamaker_UTAH_2023/data/event_2417/RAW_20230720_162855.320.sgy,RAW_20230720_162855.320.sgy,RAW_20230720_162855.320,.sgy,utah_2023__RAW_20230720_162855.320,1000.0,400,805
